Бренд,Код товара,Наименование товара,Категория1,Категория2,Категория3,Категория4,Сегмент,Цена закупки товара,letu.ru,iledebeaute.ru,rivegauche.ru,Ozon,Wildberries,MagnitMarket,Megamarket,lamoda.ru,tsum.ru,visagehall.ru,Наценка,Уровень_правила,Цена_до_скидки,Мин_цена_конкурента,Кто_минимум,Цена_мин_маржа10,Цель_цена_минимум_рынка,Можно_быть_минимумом_с_маржой10,Рекоменд_цена,Рекоменд_скидка
Clarins,19000412437,CLARINS Тушь д/ресниц Wonder volume xxl 8мл,Макияж,Глаза,Тушь для ресниц,,Люкс,983,,1029.0,,,,,,1117.0,,,1.03,brand,1995.4900000000002,1029.0,iledebeaute.ru,1092.2222222222222,1028.0,False,1092.2222222222222,0.45265462506841825
Clarins,14037100013,Clarins Флюид тональный устойчивый с омолаживающим действием 30мл 108.5W,Макияж,Лицо,Тональные основы,Жидкие тональные основы,Люкс,1957,,2107.0,,,,,,,,,1.03,brand,3972.7100000000005,2107.0,iledebeaute.ru,2174.4444444444443,2106.0,False,2174.4444444444443,0.45265462506841825
Clarins,19000033387,CLARINS Масло-блеск для губ Lip Comfort Oil т.10 7 мл,Макияж,Губы,Масло для губ_макияж,,Люкс,850,,1065.0,919.0,964.0,,,,924.0,1574.0,964.0,1.03,brand,1725.5000000000002,919.0,rivegauche.ru,944.4444444444445,918.0,False,944.4444444444445,0.45265462506841825
Clarins,14037100015,Clarins Флюид тональный устойчивый с омолаживающим действием SPF15 Everlasting Youth Fluid 110 30мл,Макияж,Лицо,Тональные основы,Жидкие тональные основы,Люкс,2145,,2355.0,3536.0,,,,,,,,1.03,brand,4354.35,2355.0,iledebeaute.ru,2383.3333333333335,2354.0,False,2383.3333333333335,0.45265462506841814
Clarins,19000168458,Clarins Масло-блеск д/губ Lip Comfort 17 7мл,Макияж,Губы,Масло для губ_макияж,,Люкс,835,,924.0,1039.0,1045.0,,,,1065.0,1742.0,,1.03,brand,1695.0500000000002,924.0,iledebeaute.ru,927.7777777777777,923.0,False,927.7777777777777,0.45265462506841825
Clarins,19000430971,CLARINS Масло-блеск д/губ 54 7мл,Макияж,Губы,Масло для губ_макияж,,Люкс,898,,,999.0,1065.0,,,,,,1085.0,1.03,brand,1822.9400000000003,999.0,rivegauche.ru,997.7777777777777,998.0,True,998.0,0.45253272186687443
Clarins,19000283309,Clarins Тушь д/ресниц Wonder Volume XXL 01 8мл,Макияж,Глаза,Тушь для ресниц,Тушь,Люкс,983,,1094.0,1146.0,1208.0,,,,1117.0,2052.0,1185.0,1.03,brand,1995.4900000000002,1094.0,iledebeaute.ru,1092.2222222222222,1093.0,True,1093.0,0.45226485725310583
Clarins,19000347411,CLARINS Консилер д/лица Instant 02.5 15мл,Макияж,Лицо,Корректор/консилер,,Люкс,1340,,,1495.0,1687.0,,,,,,,1.1,brand_cat3,2814.0,1495.0,rivegauche.ru,1488.888888888889,1494.0,True,1494.0,0.4690831556503199
Clarins,14037100011,Clarins Флюид тональный устойчивый с омолаживающим действием SPF15 Everlasting Youth Fluid 108 30мл,Макияж,Лицо,Тональные основы,Жидкие тональные основы,Люкс,3458,,3904.0,6104.0,,,,,,,,1.03,brand,7019.740000000001,3904.0,iledebeaute.ru,3842.222222222222,3903.0,True,3903.0,0.44399650129491985
Clarins,19000033383,CLARINS Масло-блеск для губ Lip Comfort Oil т.04 7 мл,Макияж,Губы,Масло для губ_макияж,,Люкс,961,,1185.0,1159.0,1085.0,,,,1145.0,1943.0,1145.0,1.03,brand,1950.8300000000002,1085.0,Ozon,1067.7777777777778,1084.0,True,1084.0,0.4443390761880841
Clarins,19000412902,CLARINS Пигмент д/губ Water Lip Stain 01 7мл,Макияж,Губы,Тинт/пигмент,,Люкс,874,,1001.0,987.0,,,,,,,1039.0,0.91,brand_cat3,1669.3400000000001,987.0,rivegauche.ru,971.1111111111111,986.0,True,986.0,0.4093474067595577
Clarins,19000399407,"CLARINS Помада д/губ Joli Rouge 768V 3,5гр",Макияж,Губы,Помада для губ,Помада матовая,Люкс,1485,,,1679.0,1894.0,,,,,,1894.0,1.03,brand,3014.55,1679.0,rivegauche.ru,1650.0,1678.0,True,1678.0,0.44336633991806407
Clarins,19000033388,CLARINS Масло-блеск для губ Lip Comfort Oil т.02 7 мл,Макияж,Губы,Масло для губ_макияж,,Люкс,1071,,1366.0,1279.0,1246.0,,,,1226.0,2244.0,1326.0,1.03,brand,2174.13,1226.0,lamoda.ru,1190.0,1225.0,True,1225.0,0.43655623168807756
Clarins,19000033381,"CLARINS Масло-блеск для губ Lip Comfort Oil т.01, 7 мл",Макияж,Губы,Масло для губ_макияж,,Люкс,1292,,1487.0,1619.0,1547.0,,,,1507.0,2546.0,1628.0,1.03,brand,2622.76,1487.0,iledebeaute.ru,1435.5555555555554,1486.0,True,1486.0,0.4334212813982218
Clarins,19000033384,CLARINS Масло-блеск для губ Lip Comfort Oil т.05 7 мл,Макияж,Губы,Масло для губ_макияж,,Люкс,1166,,1447.0,1459.0,1346.0,,,,1407.0,2311.0,1467.0,1.03,brand,2366.9800000000005,1346.0,Ozon,1295.5555555555554,1345.0,True,1345.0,0.43176537190850806
Clarins,19000399408,"CLARINS Помада д/губ Joli Rouge 732V 3,5гр",Макияж,Губы,Помада для губ,Помада матовая,Люкс,1485,,,1823.0,1722.0,,,,,,1746.0,1.03,brand,3014.55,1722.0,Ozon,1650.0,1721.0,True,1721.0,0.42910218772287745
Clarins,19000168457,Clarins Масло-блеск д/губ Lip Comfort 16 7мл,Макияж,Губы,Масло для губ_макияж,,Люкс,1292,,1507.0,1499.0,1608.0,,,,1567.0,2512.0,,1.03,brand,2622.76,1499.0,rivegauche.ru,1435.5555555555554,1498.0,True,1498.0,0.4288459485427565
Clarins,19000033386,CLARINS Масло-блеск для губ Lip Comfort Oil т.09 7 мл,Макияж,Губы,Масло для губ_макияж,,Люкс,882,,1065.0,1059.0,1045.0,,,,1065.0,1876.0,1025.0,1.03,brand,1790.4600000000003,1025.0,visagehall.ru,980.0,1024.0,True,1024.0,0.42807993476536765
Clarins,19000033382,CLARINS Масло-блеск для губ Lip Comfort Oil т.03 7 мл,Макияж,Губы,Масло для губ_макияж,,Люкс,2080,,2613.0,2618.0,2633.0,,,,2492.0,4422.0,2592.0,1.03,brand,4222.400000000001,2492.0,lamoda.ru,2311.111111111111,2491.0,True,2491.0,0.41005115574081097
Clarins,19000399406,"CLARINS Помада д/губ Joli Rouge 742V 3,5гр",Макияж,Губы,Помада для губ,Помада матовая,Люкс,2160,,,2590.0,2730.0,,,,,,2730.0,1.03,brand,4384.8,2590.0,rivegauche.ru,2400.0,2589.0,True,2589.0,0.40955117679255615
Clarins,19000033385,CLARINS Масло-блеск для губ Lip Comfort Oil т.08 7 мл,Макияж,Губы,Масло для губ_макияж,,Люкс,2095,,2613.0,2518.0,2532.0,,,,2653.0,4321.0,2572.0,1.03,brand,4252.85,2518.0,rivegauche.ru,2327.777777777778,2517.0,True,2517.0,0.4081615857601374
Clarins,19000399410,"CLARINS Помада д/губ Joli Rouge 705V 3,5гр",Макияж,Губы,Помада для губ,Помада матовая,Люкс,1735,,,2087.0,,,,,,,2091.0,1.03,brand,3522.0500000000006,2087.0,rivegauche.ru,1927.7777777777778,2086.0,True,2086.0,0.4077312928550135
Clarins,19000359998,CLARINS Крем д/лица дневной Extra-Firming 50мл,Уход,Уход за лицом,Основной уход,Крем для лица,Люкс,3863,,,4689.0,,,,,,,6128.0,1.03,brand,7841.890000000001,4689.0,rivegauche.ru,4292.222222222222,4688.0,True,4688.0,0.4021849324588843
Clarins,19000360006,CLARINS Рефил крема д/лица ночного Extra-Firming 50мл,Уход,Уход за лицом,Основной уход,Крем для лица,Люкс,2075,,,2519.0,,,,,,,2698.0,1.03,brand,4212.250000000001,2519.0,rivegauche.ru,2305.5555555555557,2518.0,True,2518.0,0.4022197163036383
Clarins,19000360008,CLARINS Рефил крема д/сухой кожи лица ночного Extra-Firming 50мл,Уход,Уход за лицом,Основной уход,Крем для лица,Люкс,2115,,,2575.0,,,,,,,,1.03,brand,4293.450000000001,2575.0,rivegauche.ru,2350.0,2574.0,True,2574.0,0.4004821297557909
Clarins,19000299772,"Clarins Бальзам д/губ Oil 02 2,9гр",Макияж,Губы,Бальзам для губ_макияж,,Люкс,2190,,2673.0,2758.0,,,,,,,2693.0,1.03,brand,4445.700000000001,2673.0,iledebeaute.ru,2433.3333333333335,2672.0,True,2672.0,0.39896979103403296
Clarins,19000141133,Clarins Гель-пена д/бритья MEN 150мл,Уход,Бритье_мужское,Для бритья,Гель для бритья,Люкс,646,,,798.0,927.0,,,,927.0,1275.0,822.0,1.03,brand,1311.38,798.0,rivegauche.ru,717.7777777777777,797.0,True,797.0,0.39224328569903466
Clarins,19000360007,CLARINS Крем д/сухой кожи лица ночной Extra-Firming 50мл,Уход,Уход за лицом,Основной уход,Крем для лица,Люкс,3477,,,4349.0,4729.0,,,,,,4429.0,1.03,brand,7058.310000000001,4349.0,rivegauche.ru,3863.333333333333,4348.0,True,4348.0,0.38398851849805415
Clarins,19760334998,Clarins Крем д/любого типа кожи регенерирующий дневной с эффектом сияния 50мл,Уход,Уход за лицом,Основной уход,Крем для лица,Люкс,3102,,3972.0,3905.0,,,,,4035.0,5917.0,,1.03,brand,6297.06,3905.0,rivegauche.ru,3446.6666666666665,3904.0,True,3904.0,0.38002814011618125
Clarins,15024300002,Clarins Крем ночной антивозрастной питательный придающий сияние зрелой коже Nutri-Lumiere 50мл,Уход,Уход за лицом,Основной уход,Крем для лица,Люкс,3840,,5275.0,5558.0,4835.0,,,,5165.0,7222.0,5495.0,1.03,brand,7795.200000000001,4835.0,Ozon,4266.666666666667,4834.0,True,4834.0,0.37987479474548447
Clarins,19000359999,CLARINS Рефил крема д/лица дневного Extra-Firming 50мл,Уход,Уход за лицом,Основной уход,Крем для лица,Люкс,2314,,,2914.0,,,,,,,3198.0,1.03,brand,4697.420000000001,2914.0,rivegauche.ru,2571.111111111111,2913.0,True,2913.0,0.37987235546321185
Clarins,19000359931,CLARINS Тональный крем д/лица Skin Illusion 106N 30мл,Макияж,Лицо,Тональные основы,Жидкие тональные основы,Люкс,1633,,,2063.0,,,,,,,2387.0,1.03,brand,3314.9900000000002,2063.0,rivegauche.ru,1814.4444444444443,2062.0,True,2062.0,0.37797700747211915
Clarins,19000360000,CLARINS Крем д/сухой кожи лица дневной Extra-Firming 50мл,Уход,Уход за лицом,Основной уход,Крем для лица,Люкс,2575,,,3499.0,,,,,,,3274.0,1.03,brand,5227.250000000001,3274.0,visagehall.ru,2861.111111111111,3273.0,True,3273.0,0.37385814720933586
Clarins,19000258576,Clarins Эмульсия д/лица Против возрастных изменений Multi-Active 100мл,Уход,Уход за лицом,Основной уход,Эмульсии,Люкс,2155,,2986.0,2749.0,2765.0,,,,2875.0,3950.0,2765.0,1.03,brand,4374.650000000001,2749.0,rivegauche.ru,2394.4444444444443,2748.0,True,2748.0,0.3718354611226041
Clarins,19000359929,CLARINS Тональный крем д/лица Skin Illusion 103N 30мл,Макияж,Лицо,Тональные основы,Жидкие тональные основы,Люкс,1779,,,2278.0,,,,,,,2604.0,1.03,brand,3611.3700000000003,2278.0,rivegauche.ru,1976.6666666666665,2277.0,True,2277.0,0.36949135646582887
Vivienne Sabo,19760306119,Vivienne Sabo Блеск д/губ Le grand Volume 10 3мл,Макияж,Губы,Блеск для губ,,Массмаркет,258,372.0,361.0,378.0,259.0,387.0,,354.0,,,,0.38,brand_cat3,356.03999999999996,259.0,Ozon,286.6666666666667,258.0,False,286.6666666666667,0.19484702093397732
Vivienne Sabo,3234800006,Vivienne Sabo Тональный крем д/лица Cabaret Premiere 06 25мл,Макияж,Лицо,Тональные основы,Жидкие тональные основы,Массмаркет,281,283.0,,,,,,,,,,0.59,brand,446.78999999999996,283.0,letu.ru,312.22222222222223,282.0,False,312.22222222222223,0.30118798043326334
Vivienne Sabo,3234800003,Vivienne Sabo Тональный крем д/лица Cabaret Premiere 03 25мл,Макияж,Лицо,Тональные основы,Жидкие тональные основы,Массмаркет,368,371.0,,,,,,,,,,0.59,brand,585.1199999999999,371.0,letu.ru,408.88888888888886,370.0,False,408.88888888888886,0.30118798043326334
Vivienne Sabo,19000340662,Vivienne Sabo Набор 2024: тушь Cabaret Premiere 01+гель д/бровей Fixateur 02,Макияж,Наборы_макияж,Набор для макияжа_прочее,,Массмаркет,548,,,,554.0,,,,,,,0.58,brand_cat2,865.84,554.0,Ozon,608.8888888888889,553.0,False,608.8888888888889,0.2967651195499297
Vivienne Sabo,19000398453,"Vivienne Sabo Тени д/век Hypnostique 04 0,6гр",Макияж,Глаза,Тени для век,,Массмаркет,341,523.0,493.0,506.0,345.0,364.0,,,,,,0.59,brand,542.1899999999999,345.0,Ozon,378.88888888888886,344.0,False,378.88888888888886,0.30118798043326345
Vivienne Sabo,3233500002,"Vivienne Sabo Подводка д/глаз Cabaret Premiere 01 0,5мл",Макияж,Глаза,Подводки,Маркеры,Массмаркет,242,364.0,346.0,315.0,245.0,331.0,,,372.0,,364.0,0.59,brand,384.78,245.0,Ozon,268.88888888888886,244.0,False,268.88888888888886,0.30118798043326345
Vivienne Sabo,3233100006,"Vivienne Sabo Карандаш д/глаз Merci 309 1,4гр",Макияж,Глаза,Карандаш для глаз,,Массмаркет,153,155.0,,,,,,278.0,,,,0.85,brand_cat3,283.05,155.0,letu.ru,170.0,154.0,False,170.0,0.3993993993993994
Clarins,19000360003,CLARINS Рефил крема д/лица дневного Extra-Firming SPF15 50мл,Уход,Уход за лицом,Основной уход,Крем для лица,Люкс,2507,,,3285.0,,,,,,,3251.0,1.03,brand,5089.210000000001,3251.0,visagehall.ru,2785.5555555555557,3250.0,True,3250.0,0.3613940081073488
Vivienne Sabo,19000128412,Vivienne Sabo Блеск д/губ Tropique 20 3мл,Макияж,Губы,Блеск для губ,,Массмаркет,187,288.0,256.0,271.0,197.0,261.0,,190.0,202.0,,,0.38,brand_cat3,258.06,190.0,Megamarket,207.77777777777777,189.0,False,207.77777777777777,0.19484702093397743
Vivienne Sabo,19000023590,Vivienne Sabo Помада д/губ Nude Createur 15 4гр,Макияж,Губы,Помада для губ,,Массмаркет,190,275.0,269.0,253.0,194.0,208.0,258.0,226.0,,,262.0,0.59,brand,302.09999999999997,194.0,Ozon,211.11111111111111,193.0,False,211.11111111111111,0.30118798043326334
Vivienne Sabo,19000128407,Vivienne Sabo Блеск д/губ Tropique 15 3мл,Макияж,Губы,Блеск для губ,,Массмаркет,128,176.0,191.0,183.0,143.0,131.0,193.0,141.0,186.0,,,0.38,brand_cat3,176.64,131.0,Wildberries,142.22222222222223,130.0,False,142.22222222222223,0.19484702093397732
Vivienne Sabo,19000312962,"Vivienne Sabo Румяна д/лица матовые Macaron 02 4,1гр",Макияж,Глаза,Тени для век,Прессованные тени,Массмаркет,160,228.0,216.0,206.0,182.0,164.0,,,,,,0.59,brand,254.39999999999998,164.0,Wildberries,177.77777777777777,163.0,False,177.77777777777777,0.30118798043326345
Vivienne Sabo,19000023582,Vivienne Sabo Помада д/губ Nude Createur 07 4гр,Макияж,Губы,Помада для губ,,Массмаркет,198,,293.0,265.0,203.0,225.0,282.0,,228.0,,274.0,0.59,brand,314.82,203.0,Ozon,220.0,202.0,False,220.0,0.30118798043326345
Clarins,19000360004,CLARINS Эмульсия д/лица Extra-Firming 100мл,Уход,Уход за лицом,Основной уход,Эмульсии,Люкс,7159,,,9378.0,9821.0,,,,,,9466.0,1.03,brand,14532.770000000002,9378.0,rivegauche.ru,7954.444444444444,9377.0,True,9377.0,0.3547685678642132
Clarins,19760334995,Clarins Тоник д/очень сухой и чувствительной кожи успокаивающий 200мл,Уход,Уход за лицом,Тоники-лосьоны-тонеры,,Люкс,945,,1260.0,,1407.0,,,,1407.0,1830.0,1239.0,0.85,brand_cat3,1748.25,1239.0,visagehall.ru,1050.0,1238.0,True,1238.0,0.29186329186329185
Vivienne Sabo,19000023603,Vivienne Sabo Тушь д/ресниц Metamourphoses Romantique 01 9мл,Макияж,Глаза,Тушь для ресниц,Тушь,Массмаркет,240,,,,,,,247.0,,,,0.41,brand_cat3,338.4,247.0,Megamarket,266.6666666666667,246.0,False,266.6666666666667,0.21197793538219056
Vivienne Sabo,3234600001,"Vivienne Sabo Карандаш-каял д/глаз гелевый Virtuose 01 1,1гр",Макияж,Глаза,Карандаш для глаз,,Массмаркет,310,476.0,437.0,438.0,320.0,332.0,450.0,532.0,,,,0.85,brand_cat3,573.5,320.0,Ozon,344.44444444444446,319.0,False,344.44444444444446,0.3993993993993994
Clarins,19000359927,CLARINS Тональный крем д/лица Skin Illusion 100.5W 30мл,Макияж,Лицо,Тональные основы,Жидкие тональные основы,Люкс,1924,,,2536.0,,,,,,,2647.0,1.03,brand,3905.7200000000003,2536.0,rivegauche.ru,2137.777777777778,2535.0,True,2535.0,0.35095193715883377
Vivienne Sabo,3232400001,"Vivienne Sabo Карандаш д/глаз гелевый Virtuose 601 1,5гр",Макияж,Глаза,Карандаш для глаз,,Массмаркет,365,539.0,542.0,523.0,416.0,416.0,377.0,537.0,406.0,,,0.85,brand_cat3,675.25,377.0,MagnitMarket,405.55555555555554,376.0,False,405.55555555555554,0.3993993993993994
Clarins,19000149507,Clarins Молочко д/душа Eau Extraordinaire 200мл,Уход,Уход за телом,Для ванны и душа,Гель для душа,Люкс,954,,1380.0,1259.0,1421.0,,,,1278.0,1972.0,1339.0,1.03,brand,1936.6200000000003,1259.0,rivegauche.ru,1060.0,1258.0,True,1258.0,0.3504146399396888
Vivienne Sabo,19000388382,"Vivienne Sabo Подводка д/глаз Linerextase 01 0,5мл",Макияж,Глаза,Подводки,Жидкая подводка,Массмаркет,383,574.0,560.0,548.0,396.0,,,,,,,0.59,brand,608.9699999999999,396.0,Ozon,425.55555555555554,395.0,False,425.55555555555554,0.30118798043326334
Vivienne Sabo,19000398450,"Vivienne Sabo Тени д/век Hypnostique 01 0,6гр",Макияж,Глаза,Тени для век,,Массмаркет,231,319.0,314.0,306.0,239.0,253.0,,,,,,0.59,brand,367.28999999999996,239.0,Ozon,256.6666666666667,238.0,False,256.6666666666667,0.30118798043326334
Clarins,15023700008,Clarins Крем д/шеи и декольте регенерирующий омолаживающий Extra-Firming Cou & Decollete 75мл,Уход,Уход за лицом,Основной уход,Крем для лица,Люкс,4477,,5969.0,6154.0,6132.0,,,,5915.0,8934.0,,1.03,brand,9088.310000000001,5915.0,lamoda.ru,4974.444444444444,5914.0,True,5914.0,0.3492739574244277
Vivienne Sabo,19000023592,Vivienne Sabo Помада д/губ Nude Createur 17 4гр,Макияж,Губы,Помада для губ,,Массмаркет,138,200.0,194.0,175.0,156.0,171.0,205.0,143.0,,,200.0,0.59,brand,219.42,143.0,Megamarket,153.33333333333334,142.0,False,153.33333333333334,0.30118798043326334
Clarins,19000360005,CLARINS Крем д/лица ночной Extra-Firming 50мл,Уход,Уход за лицом,Основной уход,Крем для лица,Люкс,6682,,,8848.0,8858.0,,,,,,9234.0,1.03,brand,13564.460000000001,8848.0,rivegauche.ru,7424.444444444444,8847.0,True,8847.0,0.3477808921254514
Clarins,19000359930,CLARINS Тональный крем д/лица Skin Illusion 105N 30мл,Макияж,Лицо,Тональные основы,Жидкие тональные основы,Люкс,2012,,,2665.0,,,,,,,2777.0,1.03,brand,4084.3600000000006,2665.0,rivegauche.ru,2235.5555555555557,2664.0,True,2664.0,0.34775582955469164
Clarins,19000266761,Clarins Лосьон д/устранения мелких несовершенств My Clarins 13мл,Уход,Уход за лицом,Тоники-лосьоны-тонеры,,Люкс,559,,,741.0,,,,,817.0,,774.0,0.85,brand_cat3,1034.15,741.0,rivegauche.ru,621.1111111111111,740.0,True,740.0,0.2844364937388194
Vivienne Sabo,3234600002,"Vivienne Sabo Карандаш-каял д/глаз гелевый Virtuose 02 1,1гр",Макияж,Глаза,Карандаш для глаз,,Массмаркет,310,458.0,472.0,432.0,323.0,324.0,421.0,546.0,,,,0.85,brand_cat3,573.5,323.0,Ozon,344.44444444444446,322.0,False,344.44444444444446,0.3993993993993994
Vivienne Sabo,19000279810,Vivienne Sabo Плампер д/губ Le grand Volume 05 3мл,Макияж,Губы,Плампер для губ,,Массмаркет,185,279.0,260.0,246.0,212.0,197.0,193.0,,,,,0.59,brand,294.15,193.0,MagnitMarket,205.55555555555554,192.0,False,205.55555555555554,0.30118798043326345
Vivienne Sabo,3232400003,"Vivienne Sabo Карандаш д/глаз гелевый Virtuose 603 1,5гр",Макияж,Глаза,Карандаш для глаз,,Массмаркет,182,259.0,244.0,261.0,190.0,192.0,194.0,314.0,192.0,,,0.85,brand_cat3,336.7,190.0,Ozon,202.22222222222223,189.0,False,202.22222222222223,0.3993993993993994
Clarins,19000141132,Clarins Гель п/бритья MEN 75мл,Уход,Бритье_мужское,После бритья,Гель после бритья,Люкс,1307,,1859.0,1913.0,1743.0,,,,1801.0,2780.0,1917.0,1.03,brand,2653.2100000000005,1743.0,Ozon,1452.2222222222222,1742.0,True,1742.0,0.3434368180430498
Clarins,19000000360,CLARINS Молочко д/лица и тела с эффектом загара 125мл,Уход,Солнечная серия/авто загары,Авто загар,,Люкс,871,,1296.0,1165.0,,,,,1408.0,1755.0,,1.07,brand_cat3,1802.9700000000003,1165.0,rivegauche.ru,967.7777777777777,1164.0,True,1164.0,0.3543985756834557
Vivienne Sabo,3232400005,"Vivienne Sabo Карандаш д/глаз гелевый Virtuose 605 1,5гр",Макияж,Глаза,Карандаш для глаз,,Массмаркет,245,355.0,360.0,335.0,257.0,268.0,265.0,,,,,0.85,brand_cat3,453.25,257.0,Ozon,272.22222222222223,256.0,False,272.22222222222223,0.3993993993993994
Vivienne Sabo,19000205235,"Vivienne Sabo Масло д/губ Sirop de Fruits 05 3,5мл",Макияж,Губы,Масло для губ_макияж,,Массмаркет,182,249.0,,262.0,191.0,220.0,263.0,,269.0,,,0.59,brand,289.38,191.0,Ozon,202.22222222222223,190.0,False,202.22222222222223,0.30118798043326345
Vivienne Sabo,19000128394,Vivienne Sabo Блеск д/губ Tropique 02 3мл,Макияж,Губы,Блеск для губ,,Массмаркет,160,235.0,215.0,216.0,180.0,168.0,238.0,,255.0,,,0.38,brand_cat3,220.79999999999998,168.0,Wildberries,177.77777777777777,167.0,False,177.77777777777777,0.19484702093397743
Vivienne Sabo,19000023583,Vivienne Sabo Помада д/губ Nude Createur 08 4гр,Макияж,Губы,Помада для губ,,Массмаркет,196,284.0,298.0,261.0,206.0,235.0,278.0,,228.0,,295.0,0.59,brand,311.64,206.0,Ozon,217.77777777777777,205.0,False,217.77777777777777,0.30118798043326345
Vivienne Sabo,19760306117,Vivienne Sabo Блеск д/губ Le grand Volume 08 3мл,Макияж,Губы,Блеск для губ,,Массмаркет,213,299.0,307.0,278.0,224.0,313.0,284.0,,333.0,,,0.38,brand_cat3,293.94,224.0,Ozon,236.66666666666666,223.0,False,236.66666666666666,0.19484702093397743
Vivienne Sabo,19000398452,"Vivienne Sabo Тени д/век Hypnostique 03 0,6гр",Макияж,Глаза,Тени для век,,Массмаркет,309,439.0,427.0,435.0,325.0,397.0,,,,,,0.59,brand,491.30999999999995,325.0,Ozon,343.3333333333333,324.0,False,343.3333333333333,0.30118798043326345
Clarins,19000359935,CLARINS Тональный крем д/лица Skin Illusion 109C 30мл,Макияж,Лицо,Тональные основы,Жидкие тональные основы,Люкс,1983,,,2665.0,,,,,,,2864.0,1.03,brand,4025.4900000000007,2665.0,rivegauche.ru,2203.3333333333335,2664.0,True,2664.0,0.338217210824024
Vivienne Sabo,19000237886,"Vivienne Sabo Карандаш-каял д/глаз гелевый Virtuose 07 1,1гр",Макияж,Глаза,Карандаш для глаз,,Массмаркет,288,508.0,426.0,426.0,320.0,315.0,427.0,484.0,304.0,,,0.85,brand_cat3,532.8000000000001,304.0,lamoda.ru,320.0,303.0,False,320.0,0.3993993993993995
Vivienne Sabo,19760304888,"Vivienne Sabo Карандаш д/губ Le grand Volume 02 1,35гр",Макияж,Губы,Карандаш для губ,,Массмаркет,299,422.0,406.0,417.0,316.0,438.0,422.0,540.0,462.0,,,0.77,brand_cat3,529.23,316.0,Ozon,332.22222222222223,315.0,False,332.22222222222223,0.37225360954174513
Clarins,19000359928,CLARINS Тональный крем д/лица Skin Illusion 100C 30мл,Макияж,Лицо,Тональные основы,Жидкие тональные основы,Люкс,2187,,,3009.0,,,,,,,2951.0,1.03,brand,4439.610000000001,2951.0,visagehall.ru,2430.0,2950.0,True,2950.0,0.33552721973326494
Clarins,15020100146,Кларанс Масло д/лица Голубая орхидея д/обезвоженной кожи 30мл,Уход,Уход за лицом,Основной уход,Масло для лица,Люкс,1320,,1929.0,1907.0,1856.0,,,,1783.0,2444.0,1892.0,1.03,brand,2679.6000000000004,1783.0,lamoda.ru,1466.6666666666667,1782.0,True,1782.0,0.3349753694581281
Vivienne Sabo,19000128406,Vivienne Sabo Блеск д/губ Tropique 14 3мл,Макияж,Губы,Блеск для губ,,Массмаркет,160,235.0,222.0,230.0,182.0,184.0,227.0,176.0,170.0,,,0.38,brand_cat3,220.79999999999998,170.0,lamoda.ru,177.77777777777777,169.0,False,177.77777777777777,0.19484702093397743
Vivienne Sabo,19760306114,Vivienne Sabo Блеск д/губ Le grand Volume 05 3мл,Макияж,Губы,Блеск для губ,,Массмаркет,304,425.0,430.0,425.0,323.0,441.0,452.0,,503.0,,,0.38,brand_cat3,419.52,323.0,Ozon,337.77777777777777,322.0,False,337.77777777777777,0.19484702093397743
Vivienne Sabo,19000128401,Vivienne Sabo Блеск д/губ Tropique 09 3мл,Макияж,Губы,Блеск для губ,,Массмаркет,128,173.0,,,,,,136.0,,,,0.38,brand_cat3,176.64,136.0,Megamarket,142.22222222222223,135.0,False,142.22222222222223,0.19484702093397732
Clarins,19000359936,CLARINS Тональный крем д/лица Skin Illusion 110N 30мл,Макияж,Лицо,Тональные основы,Жидкие тональные основы,Люкс,2333,,3472.0,3224.0,3341.0,,,,,,3168.0,2.5,product,8165.5,3168.0,visagehall.ru,2592.222222222222,3167.0,True,3167.0,0.6121486743004103
Clarins,19000149519,Clarins Молочко д/душа Eau Ressourcante200мл,Уход,Уход за телом,Молочко для тела,,Люкс,1104,,1502.0,1619.0,1644.0,,,,1603.0,2349.0,1522.0,0.86,brand_cat3,2053.44,1502.0,iledebeaute.ru,1226.6666666666667,1501.0,True,1501.0,0.26903147888421386
Clarins,15020200041,Clarins Бальзам д/лица интенсивно увлажняющий MEN Baume Super Hydratant 50мл,Уход,Уход за лицом,Основной уход,Бальзам для лица,Люкс,1893,,2580.0,2583.0,2749.0,,,,2648.0,3637.0,2749.0,1.03,brand,3842.7900000000004,2580.0,iledebeaute.ru,2103.3333333333335,2579.0,True,2579.0,0.32887303235409693
Vivienne Sabo,19000023576,Vivienne Sabo Помада д/губ Nude Createur 01 4гр,Макияж,Губы,Помада для губ,,Массмаркет,174,,240.0,241.0,212.0,215.0,254.0,186.0,242.0,,,0.59,brand,276.65999999999997,186.0,Megamarket,193.33333333333331,185.0,False,193.33333333333331,0.30118798043326345
Clarins,19000036411,"CLARINS Крем для повышения упругости кожи тела Body Firming, 200мл",Уход,Уход за телом,Крем для тела,,Люкс,2403,,3577.0,3331.0,3528.0,,,,3528.0,4760.0,3283.0,1.06,brand_cat3,4950.18,3283.0,visagehall.ru,2670.0,3282.0,True,3282.0,0.3369938062858321
Vivienne Sabo,3234600004,"Vivienne Sabo Карандаш-каял д/глаз гелевый Virtuose 04 1,1гр",Макияж,Глаза,Карандаш для глаз,,Массмаркет,307,424.0,437.0,443.0,329.0,337.0,427.0,553.0,466.0,,,0.85,brand_cat3,567.95,329.0,Ozon,341.1111111111111,328.0,False,341.1111111111111,0.3993993993993995
Clarins,19000359926,CLARINS Тональный крем д/лица Skin Illusion 100.3N 30мл,Макияж,Лицо,Тональные основы,Жидкие тональные основы,Люкс,2537,,,3525.0,,,,,,,3472.0,1.03,brand,5150.110000000001,3472.0,visagehall.ru,2818.8888888888887,3471.0,True,3471.0,0.3260338128700164
Vivienne Sabo,19000023580,Vivienne Sabo Помада д/губ Nude Createur 05 4гр,Макияж,Губы,Помада для губ,,Массмаркет,367,530.0,558.0,543.0,394.0,427.0,520.0,429.0,493.0,,537.0,0.59,brand,583.53,394.0,Ozon,407.77777777777777,393.0,False,407.77777777777777,0.30118798043326345
Vivienne Sabo,19000128408,Vivienne Sabo Блеск д/губ Tropique 16 3мл,Макияж,Губы,Блеск для губ,,Массмаркет,295,426.0,434.0,433.0,336.0,340.0,442.0,317.0,476.0,,,0.38,brand_cat3,407.09999999999997,317.0,Megamarket,327.77777777777777,316.0,False,327.77777777777777,0.19484702093397743
Clarins,19000217063,Clarins Крем д/лица Тонизирующий 50мл,Уход,Уход за лицом,Основной уход,Крем для лица,Люкс,2067,,3076.0,2838.0,2973.0,,,,,,3076.0,1.03,brand,4196.01,2838.0,rivegauche.ru,2296.6666666666665,2837.0,True,2837.0,0.3238814969459082
Clarins,19760335003,Clarins Бальзам д/тела увлажняющий 200мл,Уход,Уход за телом,Крем для тела,,Люкс,1871,,2570.0,2659.0,2677.0,,,,2748.0,3621.0,2784.0,1.06,brand_cat3,3854.26,2570.0,iledebeaute.ru,2078.8888888888887,2569.0,True,2569.0,0.3334647896094193
Clarins,19000360001,CLARINS Рефил крема д/сухой кожи лица дневного Extra-Firming 50мл,Уход,Уход за лицом,Основной уход,Крем для лица,Люкс,2584,,,3550.0,,,,,,,3571.0,1.03,brand,5245.52,3550.0,rivegauche.ru,2871.111111111111,3549.0,True,3549.0,0.32342265399807846
Clarins,19000391731,CLARINS Набор д/лица NUTRI-LUMIERE,Уход,Наборы_уход,Подарочные наборы_уход,,Люкс,5555,,,,,,,,7639.0,,,0.97,brand_cat2,10943.35,7639.0,lamoda.ru,6172.222222222222,7638.0,True,7638.0,0.30204187931483506
Clarins,14036200007,Clarins Крем д/лица тональный с легким покрытием Skin Illusion SPF15 30мл тон 100.5,Макияж,Лицо,Тональные основы,Жидкие тональные основы,Люкс,1791,,3141.0,3141.0,2469.0,,,,3046.0,,3141.0,1.03,brand,3635.7300000000005,2469.0,Ozon,1990.0,2468.0,True,2468.0,0.32118171591399813
Clarins,19000360002,CLARINS Крем д/лица дневной Extra-Firming SPF15 50мл,Уход,Уход за лицом,Основной уход,Крем для лица,Люкс,7108,,,,,,,,,,9822.0,1.03,brand,14429.240000000002,9822.0,visagehall.ru,7897.777777777777,9821.0,True,9821.0,0.31936817185104693
Vivienne Sabo,19000128398,Vivienne Sabo Блеск д/губ Tropique 06 3мл,Макияж,Губы,Блеск для губ,,Массмаркет,180,274.0,246.0,250.0,195.0,209.0,268.0,,304.0,,,0.38,brand_cat3,248.39999999999998,195.0,Ozon,200.0,194.0,False,200.0,0.19484702093397743
Vivienne Sabo,19000023599,Vivienne Sabo Палетка румян д/лица Naturel 03 6гр,Макияж,Лицо,Палетки_лицо,,Массмаркет,191,252.0,256.0,247.0,216.0,232.0,247.0,,207.0,,,0.56,brand_cat3,297.96000000000004,207.0,lamoda.ru,212.22222222222223,206.0,False,212.22222222222223,0.28774928774928776
Clarins,15020200040,Clarins Гель д/лица интенсивно увлажняющий MEN Gel Super Hydratant 50мл,Уход,Уход за лицом,Основной уход,Гель для лица,Люкс,1962,,3462.0,3297.0,2716.0,,,,3421.0,3928.0,3422.0,1.03,brand,3982.8600000000006,2716.0,Ozon,2180.0,2715.0,True,2715.0,0.3183290399361264
Vivienne Sabo,19760306121,Vivienne Sabo Блеск д/губ Le grand Volume 12 3мл,Макияж,Губы,Блеск для губ,,Массмаркет,391,561.0,589.0,546.0,424.0,574.0,583.0,,441.0,,,0.38,brand_cat3,539.5799999999999,424.0,Ozon,434.44444444444446,423.0,False,434.44444444444446,0.19484702093397732
Clarins,19760335602,Clarins Крем д/рук JEUNESSE DES MAINS 30мл,Уход,Уход за руками,Крем для рук,,Люкс,880,,1246.0,1222.0,1301.0,,,,1283.0,1859.0,1310.0,0.85,brand_cat3,1628.0,1222.0,rivegauche.ru,977.7777777777777,1221.0,True,1221.0,0.25
Clarins,19000258579,Clarins Флюид д/лица Тонизирующий Смягчающий Multi-Active 200мл,Уход,Уход за лицом,Основной уход,Эссенция,Люкс,1517,,2137.0,2159.0,,,,,2107.0,3053.0,2257.0,1.03,brand,3079.51,2107.0,lamoda.ru,1685.5555555555554,2106.0,True,2106.0,0.3161249679332102
Vivienne Sabo,3234800008,Vivienne Sabo Тональный крем д/лица Cabaret Premiere 08 25мл,Макияж,Лицо,Тональные основы,Жидкие тональные основы,Массмаркет,225,245.0,,,,,,,,,,0.59,brand,357.74999999999994,245.0,letu.ru,250.0,244.0,False,250.0,0.30118798043326334
Clarins,19000000359,CLARINS Гель д/лица и тела с эффектом загара 125мл,Уход,Солнечная серия/авто загары,Авто загар,,Люкс,947,,1387.0,1319.0,,,,,1410.0,1885.0,,1.07,brand_cat3,1960.2900000000002,1319.0,rivegauche.ru,1052.2222222222222,1318.0,True,1318.0,0.32765050069122437
Clarins,19000419067,"CLARINS Набор: Масло д/тела 100мл+Пена д/ванны и душа 30мл+Масло-блеск д/губ 01 1,4мл",Уход,Наборы_уход,Подарочные наборы_уход,,Люкс,1837,,,,,,,,2560.0,,,2.5,product,6429.5,2560.0,lamoda.ru,2041.111111111111,2559.0,True,2559.0,0.6019908235477098
Clarins,19000305793,Clarins Крем д/лица Восстанавливающий Дневной Лифтинг 50мл,Уход,Уход за лицом,Основной уход,Крем для лица,Люкс,4868,,6785.0,7109.0,7152.0,,,,,,7152.0,1.03,brand,9882.04,6785.0,iledebeaute.ru,5408.888888888889,6784.0,True,6784.0,0.3135020704227063
Vivienne Sabo,19000042796,"Vivienne Sabo Карандаш д/глаз Virtuose automatique 01 0,28гр",Макияж,Глаза,Карандаш для глаз,,Массмаркет,234,325.0,342.0,326.0,264.0,262.0,323.0,256.0,,,,0.85,brand_cat3,432.90000000000003,256.0,Megamarket,260.0,255.0,False,260.0,0.3993993993993995
Vivienne Sabo,19000128409,Vivienne Sabo Блеск д/губ Tropique 17 3мл,Макияж,Губы,Блеск для губ,,Массмаркет,189,274.0,263.0,261.0,219.0,211.0,265.0,,207.0,,,0.38,brand_cat3,260.82,207.0,lamoda.ru,210.0,206.0,False,210.0,0.19484702093397743
Vivienne Sabo,19000023587,Vivienne Sabo Помада д/губ Nude Createur 12 4гр,Макияж,Губы,Помада для губ,,Массмаркет,367,547.0,554.0,543.0,406.0,454.0,553.0,429.0,402.0,,553.0,0.59,brand,583.53,402.0,lamoda.ru,407.77777777777777,401.0,False,407.77777777777777,0.30118798043326345
Vivienne Sabo,19000194532,"Vivienne Sabo Палетка д/скульптурирования кремовая Mariniere 01 17,2гр",Макияж,Лицо,Палетки_лицо,,Массмаркет,660,992.0,952.0,940.0,723.0,723.0,,,730.0,,,0.56,brand_cat3,1029.6000000000001,723.0,Ozon,733.3333333333334,722.0,False,733.3333333333334,0.28774928774928776
Vivienne Sabo,19000205236,"Vivienne Sabo Масло д/губ Sirop de Fruits 06 3,5мл",Макияж,Губы,Масло для губ_макияж,,Массмаркет,157,215.0,,221.0,179.0,172.0,229.0,,207.0,,,0.59,brand,249.62999999999997,172.0,Wildberries,174.44444444444443,171.0,False,174.44444444444443,0.30118798043326345
Clarins,19760335604,Clarins Крем д/комбинированной и жирной кожи очищающий пенящийся Doux Nettoyant Moussant Purifiant 1,Уход,Уход за лицом,Очищение/демакияж,Прочее очищение/демакияж,Люкс,1749,,,2449.0,2560.0,,,,2560.0,,2604.0,1.03,brand,3550.4700000000003,2449.0,rivegauche.ru,1943.3333333333333,2448.0,True,2448.0,0.3105138192971635
Clarins,19760335605,Clarins Крем д/нормальной и сухой кожи очищающий пенящийся Doux Nettoyant Moussant Hydratant 125мл,Уход,Уход за лицом,Очищение/демакияж,Прочее очищение/демакияж,Люкс,1006,,1633.0,1660.0,1410.0,,,,1633.0,1984.0,1660.0,1.03,brand,2042.1800000000003,1410.0,Ozon,1117.7777777777778,1409.0,True,1409.0,0.3100510239058262
Clarins,19760335606,Clarins Крем д/очень сухой и чувствительной кожи очищающий пенящийся Doux Nettoyant Moussant Apaisan,Уход,Уход за лицом,Очищение/демакияж,Прочее очищение/демакияж,Люкс,2099,,3059.0,2944.0,3103.0,,,,2994.0,4309.0,2994.0,1.03,brand,4260.97,2944.0,rivegauche.ru,2332.222222222222,2943.0,True,2943.0,0.30931219886551653
Vivienne Sabo,19000128405,Vivienne Sabo Блеск д/губ Tropique 13 3мл,Макияж,Губы,Блеск для губ,,Массмаркет,148,201.0,208.0,223.0,172.0,163.0,204.0,,251.0,,,0.38,brand_cat3,204.23999999999998,163.0,Wildberries,164.44444444444443,162.0,False,164.44444444444443,0.19484702093397743
Vivienne Sabo,19000042798,"Vivienne Sabo Карандаш д/глаз Virtuose automatique 03 0,28гр",Макияж,Глаза,Карандаш для глаз,,Массмаркет,156,239.0,219.0,201.0,172.0,210.0,214.0,188.0,,,,0.85,brand_cat3,288.6,172.0,Ozon,173.33333333333334,171.0,False,173.33333333333334,0.3993993993993994
Vivienne Sabo,19000042799,"Vivienne Sabo Карандаш д/глаз Virtuose automatique 04 0,28гр",Макияж,Глаза,Карандаш для глаз,,Массмаркет,195,278.0,262.0,259.0,220.0,215.0,277.0,,,,,0.85,brand_cat3,360.75,215.0,Wildberries,216.66666666666666,214.0,False,216.66666666666666,0.3993993993993994
Clarins,19000359934,CLARINS Тональный крем д/лица Skin Illusion 108W 30мл,Макияж,Лицо,Тональные основы,Жидкие тональные основы,Люкс,3966,,,5588.0,,,,,,,5902.0,1.03,brand,8050.980000000001,5588.0,rivegauche.ru,4406.666666666667,5587.0,True,5587.0,0.30604721412796965
Clarins,19000359937,CLARINS Тональный крем д/лица Skin Illusion 111N 30мл,Макияж,Лицо,Тональные основы,Жидкие тональные основы,Люкс,2070,,3038.0,2923.0,,,,,,,3081.0,1.03,brand,4202.1,2923.0,rivegauche.ru,2300.0,2922.0,True,2922.0,0.3046333975869209
Clarins,19000279539,Clarins Масло д/умывания Tres Demaquillante 150мл,Уход,Уход за лицом,Очищение/демакияж,Гидрофильные средства,Люкс,1942,,,2782.0,2744.0,,,,,,2817.0,1.03,brand,3942.2600000000007,2744.0,Ozon,2157.777777777778,2743.0,True,2743.0,0.30420621673862214
Vivienne Sabo,19760306111,Vivienne Sabo Блеск д/губ Le grand Volume 02 3мл,Макияж,Губы,Блеск для губ,,Массмаркет,283,409.0,408.0,383.0,395.0,414.0,399.0,,314.0,,,0.38,brand_cat3,390.53999999999996,314.0,lamoda.ru,314.44444444444446,313.0,False,314.44444444444446,0.19484702093397732
Vivienne Sabo,19000128400,Vivienne Sabo Блеск д/губ Tropique 08 3мл,Макияж,Губы,Блеск для губ,,Массмаркет,178,246.0,249.0,264.0,201.0,198.0,,,281.0,,,0.38,brand_cat3,245.64,198.0,Wildberries,197.77777777777777,197.0,False,197.77777777777777,0.19484702093397743
Clarins,15024300001,Clarins Крем дневной антивозрастной питательный придающий сияние зрелой коже Nutri-Lumiere 50мл,Уход,Уход за лицом,Основной уход,Крем для лица,Люкс,3938,,6226.0,7115.0,5604.0,,,,6988.0,8073.0,6735.0,1.03,brand,7994.140000000001,5604.0,Ozon,4375.555555555556,5603.0,True,5603.0,0.29911159924644815
Vivienne Sabo,19000023577,Vivienne Sabo Помада д/губ Nude Createur 02 4гр,Макияж,Губы,Помада для губ,,Массмаркет,226,,339.0,339.0,272.0,252.0,340.0,263.0,263.0,,315.0,0.59,brand,359.34,252.0,Wildberries,251.11111111111111,251.0,False,251.11111111111111,0.30118798043326345
Vivienne Sabo,19000023593,Vivienne Sabo Помада д/губ Nude Createur 18 4гр,Макияж,Губы,Помада для губ,,Массмаркет,223,326.0,339.0,310.0,252.0,276.0,323.0,249.0,,,336.0,0.59,brand,354.57,249.0,Megamarket,247.77777777777777,248.0,True,248.0,0.3005612431959839
Vivienne Sabo,19000215138,Vivienne Sabo Гель д/бровей Lamination effect 01 6мл,Макияж,Брови,Гель для бровей,,Массмаркет,169,245.0,240.0,237.0,189.0,263.0,245.0,261.0,267.0,,,0.33,brand_cat3,224.77,189.0,Ozon,187.77777777777777,188.0,True,188.0,0.1635894469902568
Vivienne Sabo,3216800004,Vivienne Sabo Тушь д/ресниц Cabaret Artistic volume 04 9мл,Макияж,Глаза,Тушь для ресниц,Тушь,Массмаркет,233,350.0,351.0,351.0,350.0,353.0,324.0,,356.0,,261.0,0.41,brand_cat3,328.53,261.0,visagehall.ru,258.88888888888886,260.0,True,260.0,0.20859586643533312
Vivienne Sabo,19000357024,"Vivienne Sabo Карандаш д/бровей Filigrane 04 0,2гр",Макияж,Брови,Карандаш для бровей,Карандаш для бровей автоматический,Массмаркет,498,759.0,747.0,715.0,558.0,785.0,,,,,,0.95,brand_cat3,971.1,558.0,Ozon,553.3333333333334,557.0,True,557.0,0.42642364329111315
Vivienne Sabo,19000128404,Vivienne Sabo Блеск д/губ Tropique 12 3мл,Макияж,Губы,Блеск для губ,,Массмаркет,282,405.0,420.0,423.0,316.0,382.0,418.0,,472.0,,,0.38,brand_cat3,389.15999999999997,316.0,Ozon,313.3333333333333,315.0,True,315.0,0.19056429232192407
Vivienne Sabo,19000312961,"Vivienne Sabo Румяна д/лица матовые Macaron 01 4,1гр",Макияж,Глаза,Тени для век,Прессованные тени,Массмаркет,189,282.0,251.0,250.0,217.0,212.0,,,,,,0.59,brand,300.51,212.0,Wildberries,210.0,211.0,True,211.0,0.2978603041496123
Vivienne Sabo,19760306110,Vivienne Sabo Блеск д/губ Le grand Volume 01 3мл,Макияж,Губы,Блеск для губ,,Массмаркет,524,750.0,791.0,782.0,760.0,707.0,,941.0,588.0,,,0.38,brand_cat3,723.1199999999999,588.0,lamoda.ru,582.2222222222222,587.0,True,587.0,0.18823984954087825
Clarins,19000359932,CLARINS Тональный крем д/лица Skin Illusion 107C 30мл,Макияж,Лицо,Тональные основы,Жидкие тональные основы,Люкс,3587,,,5158.0,,,,,,,5208.0,1.03,brand,7281.610000000001,5158.0,rivegauche.ru,3985.5555555555557,5157.0,True,5157.0,0.29177750524952595
Vivienne Sabo,19000023594,Vivienne Sabo Помада д/губ Nude Createur 19 4гр,Макияж,Губы,Помада для губ,,Массмаркет,337,505.0,480.0,478.0,405.0,401.0,475.0,386.0,383.0,,500.0,0.59,brand,535.8299999999999,383.0,lamoda.ru,374.44444444444446,382.0,True,382.0,0.28708732247167934
Clarins,14035900003,Clarins Пигмент д/губ 01 7мл,Макияж,Губы,Тинт/пигмент,,Люкс,1072,,1625.0,1557.0,1606.0,,,,,,,2.0,product,3216.0,1557.0,rivegauche.ru,1191.111111111111,1556.0,True,1556.0,0.5161691542288558
Clarins,19000359933,CLARINS Тональный крем д/лица Skin Illusion 108.3N 30мл,Макияж,Лицо,Тональные основы,Жидкие тональные основы,Люкс,2508,,,3654.0,,,,,,,3689.0,1.03,brand,5091.240000000001,3654.0,rivegauche.ru,2786.6666666666665,3653.0,True,3653.0,0.2824930665221047
Vivienne Sabo,19000023585,Vivienne Sabo Помада д/губ Nude Createur 10 4гр,Макияж,Губы,Помада для губ,,Массмаркет,340,505.0,,498.0,388.0,460.0,508.0,,,,500.0,0.59,brand,540.5999999999999,388.0,Ozon,377.77777777777777,387.0,True,387.0,0.28412874583795766
Vivienne Sabo,19000128399,Vivienne Sabo Блеск д/губ Tropique 07 3мл,Макияж,Губы,Блеск для губ,,Массмаркет,119,176.0,,155.0,,,,136.0,,,,0.38,brand_cat3,164.22,136.0,Megamarket,132.22222222222223,135.0,True,135.0,0.1779320423821703
Clarins,14010600011,Clarins Блеск для губ Eclat Minute 12мл тон 02 Apricot shimmer,Макияж,Губы,Блеск для губ,,Люкс,683,,,1235.0,1170.0,,,,998.0,,,0.92,brand_cat3,1311.36,998.0,lamoda.ru,758.8888888888889,997.0,True,997.0,0.2397205954123962
Vivienne Sabo,19000023581,Vivienne Sabo Помада д/губ Nude Createur 06 4гр,Макияж,Губы,Помада для губ,,Массмаркет,220,338.0,310.0,298.0,252.0,256.0,332.0,,253.0,,332.0,0.59,brand,349.79999999999995,252.0,Ozon,244.44444444444443,251.0,True,251.0,0.2824471126357918
Vivienne Sabo,19000329303,Vivienne Sabo Тушь д/бровей Designeur 02 5мл,Макияж,Брови,Тушь для бровей,,Массмаркет,174,254.0,237.0,,280.0,200.0,,,,,,0.8,brand_cat3,313.2,200.0,Wildberries,193.33333333333331,199.0,True,199.0,0.3646232439335887
Vivienne Sabo,19000128410,Vivienne Sabo Блеск д/губ Tropique 18 3мл,Макияж,Губы,Блеск для губ,,Массмаркет,291,426.0,427.0,437.0,339.0,335.0,438.0,,464.0,,,0.38,brand_cat3,401.58,335.0,Wildberries,323.3333333333333,334.0,True,334.0,0.16828527317097464
Vivienne Sabo,19000023579,Vivienne Sabo Помада д/губ Nude Createur 04 4гр,Макияж,Губы,Помада для губ,,Массмаркет,207,309.0,302.0,282.0,242.0,239.0,299.0,,335.0,,295.0,0.59,brand,329.13,239.0,Wildberries,230.0,238.0,True,238.0,0.2768814754048552
Vivienne Sabo,19000023591,Vivienne Sabo Помада д/губ Nude Createur 16 4гр,Макияж,Губы,Помада для губ,,Массмаркет,207,,289.0,306.0,239.0,252.0,299.0,,,,299.0,0.59,brand,329.13,239.0,Ozon,230.0,238.0,True,238.0,0.2768814754048552
Vivienne Sabo,3234600005,"Vivienne Sabo Карандаш-каял д/глаз гелевый Virtuose 05 1,1гр",Макияж,Глаза,Карандаш для глаз,,Массмаркет,288,406.0,397.0,403.0,333.0,362.0,410.0,484.0,466.0,,,0.85,brand_cat3,532.8000000000001,333.0,Ozon,320.0,332.0,True,332.0,0.376876876876877
Vivienne Sabo,19000312964,"Vivienne Sabo Румяна д/лица матовые Macaron 04 4,1гр",Макияж,Глаза,Тени для век,Прессованные тени,Массмаркет,382,574.0,560.0,566.0,455.0,442.0,,,,,,0.59,brand,607.38,442.0,Wildberries,424.44444444444446,441.0,True,441.0,0.2739306529684876
Vivienne Sabo,19000357023,"Vivienne Sabo Карандаш д/бровей Filigrane 03 0,2гр",Макияж,Брови,Карандаш для бровей,Карандаш для бровей автоматический,Массмаркет,406,623.0,580.0,593.0,476.0,507.0,,,,,,0.95,brand_cat3,791.6999999999999,476.0,Ozon,451.1111111111111,475.0,True,475.0,0.4000252620942275
Vivienne Sabo,19000357021,"Vivienne Sabo Карандаш д/бровей Filigrane 01 0,2гр",Макияж,Брови,Карандаш для бровей,Карандаш для бровей автоматический,Массмаркет,332,476.0,485.0,455.0,532.0,390.0,,,,,,0.95,brand_cat3,647.4,390.0,Wildberries,368.88888888888886,389.0,True,389.0,0.3991350015446401
Clarins,15022400007,Кларанс Бальзам д/лица и тела после загара успокаивающий 150мл,Уход,Солнечная серия/авто загары,После загара,,Люкс,2322,,4196.0,3961.0,3485.0,,,,3818.0,4779.0,4163.0,1.04,brand_cat3,4736.88,3485.0,Ozon,2580.0,3484.0,True,3484.0,0.26449477293070545
Vivienne Sabo,19000023588,Vivienne Sabo Помада д/губ Nude Createur 13 4гр,Макияж,Губы,Помада для губ,,Массмаркет,392,593.0,563.0,564.0,577.0,461.0,582.0,472.0,,,565.0,0.59,brand,623.28,461.0,Wildberries,435.55555555555554,460.0,True,460.0,0.26196893851880376
Clarins,19000194286,"CLARINS Помада д/губ Joli rouge Retail reno 750 3,5гр",Макияж,Губы,Помада для губ,,Люкс,1639,,2474.0,2927.0,2962.0,,,,2892.0,3239.0,2718.0,1.03,brand,3327.1700000000005,2474.0,iledebeaute.ru,1821.111111111111,2473.0,True,2473.0,0.25672568579303146
Vivienne Sabo,19000023595,Vivienne Sabo Помада д/губ Nude Createur 20 4гр,Макияж,Губы,Помада для губ,,Массмаркет,335,,505.0,494.0,398.0,397.0,504.0,,466.0,,483.0,0.59,brand,532.65,397.0,Wildberries,372.22222222222223,396.0,True,396.0,0.25654745142213453
Clarins,19000192726,CLARINS Сыворотка д/лица Тональная Масла 04 30мл,Макияж,Лицо,Тональные основы,Жидкие тональные основы,Люкс,1795,,3049.0,3049.0,2718.0,,,,,3450.0,3088.0,1.03,brand,3643.8500000000004,2718.0,Ozon,1994.4444444444443,2717.0,True,2717.0,0.2543600861725922
Clarins,19000436341,CLARINS Сыворотка д/лица Light Texture 50мл,Уход,Уход за лицом,Сыворотки,,Люкс,3222,,5240.0,5123.0,5822.0,,,,4890.0,5754.0,5822.0,0.88,brand_cat3,6057.36,4890.0,lamoda.ru,3580.0,4889.0,True,4889.0,0.19288270797839313
Clarins,19000399413,"CLARINS Помада д/губ Joli Rouge 790V 3,5гр",Макияж,Губы,Помада для губ,Помада матовая,Люкс,983,,,1498.0,1568.0,,,,,,1672.0,1.03,brand,1995.4900000000002,1498.0,rivegauche.ru,1092.2222222222222,1497.0,True,1497.0,0.2498083177565411
Clarins,19000120100,CLARINS Бронзер Ever Vente 02 10гр,Макияж,Лицо,Бронзер,,Люкс,1223,,1994.0,1864.0,,,,,2210.0,,2167.0,1.07,brand_cat3,2531.61,1864.0,rivegauche.ru,1358.888888888889,1863.0,True,1863.0,0.26410466067048244
Clarins,14016500001,Clarins Средство выравивающее цвет лица LISSE MINUTE BASE COMBLANTE 15мл,Макияж,Лицо,Праймер/база_лицо,,Люкс,839,,1279.0,1338.0,1517.0,,,,1309.0,1645.0,1398.0,1.21,brand_cat3,1854.19,1279.0,iledebeaute.ru,932.2222222222222,1278.0,True,1278.0,0.31075024673846807
Clarins,19000181013,CLARINS Блеск д/губPerfector 22 12мл,Макияж,Губы,Блеск для губ,,Люкс,623,,996.0,1061.0,953.0,,,,1126.0,1224.0,997.0,0.92,brand_cat3,1196.1599999999999,953.0,Ozon,692.2222222222222,952.0,True,952.0,0.20411985018726586
Clarins,14011900005,"Clarins Карандаш для бровей Eyebrow Pencil Crayon Sourcils 1,1гр.тон 02 light brown",Макияж,Брови,Карандаш для бровей,,Люкс,548,,916.0,897.0,841.0,,,,841.0,,935.0,0.96,brand_cat3,1074.08,841.0,Ozon,608.8888888888889,840.0,True,840.0,0.2179353493222106
Vivienne Sabo,3225900001,"Vivienne Sabo Палетка д/скульптурирования 01 Mariniere 17,2гр",Макияж,Лицо,Контуринг,,Массмаркет,347,588.0,553.0,,418.0,,,,,,,0.54,brand_cat3,534.38,418.0,Ozon,385.55555555555554,417.0,True,417.0,0.2196564242673753
Clarins,19760314690,"Clarins Тени д/век четырехцветные Ombre 4 Couleurs 05 4,2гр",Макияж,Глаза,Тени для век,Прессованные тени,Люкс,1346,,2432.0,2162.0,2207.0,,,,2162.0,2544.0,2072.0,1.03,brand,2732.38,2072.0,visagehall.ru,1495.5555555555554,2071.0,True,2071.0,0.2420527159472694
Clarins,19000217065,Clarins Крем д/лица Матирующий 50мл,Уход,Уход за лицом,Основной уход,Крем для лица,Люкс,749,,1203.0,1328.0,,,,,1328.0,1386.0,1153.0,1.03,brand,1520.4700000000003,1153.0,visagehall.ru,832.2222222222222,1152.0,True,1152.0,0.24233953974757816
Clarins,14024300001,Clarins ВВ-флюид с эффектом детокса SPF25 00 45мл,Макияж,Лицо,ВВ/СС средства,,Люкс,1428,,2267.0,2541.0,2202.0,,,,2267.0,,2541.0,0.97,brand_cat3,2813.16,2202.0,Ozon,1586.6666666666665,2201.0,True,2201.0,0.21760582405551054
Clarins,19000423537,CLARINS Концентрат д/лица Men Ппротив морщин 50мл,Уход,Уход за лицом,Основной уход,Бустеры,Люкс,1875,,,3204.0,3265.0,,,,,,2896.0,1.03,brand,3806.2500000000005,2896.0,visagehall.ru,2083.3333333333335,2895.0,True,2895.0,0.23940886699507402
Clarins,19000194302,"CLARINS Помада д/губ Joli rouge Retail reno 778 3,5гр",Макияж,Губы,Помада для губ,,Люкс,1080,,1777.0,1672.0,,,,,,,1881.0,1.03,brand,2192.4,1672.0,rivegauche.ru,1200.0,1671.0,True,1671.0,0.23782156540777233
Clarins,19000264393,Clarins Сыворотка д/лица двухфазная активного действия Hydra-Essentiel 30мл,Уход,Уход за лицом,Сыворотки,,Люкс,1791,,,3121.0,2774.0,,,,2890.0,,3005.0,0.88,brand_cat3,3367.08,2774.0,Ozon,1990.0,2773.0,True,2773.0,0.17643774427694026
Vivienne Sabo,3206400015,"Vivienne Sabo Карандаш д/губ Jolies levres 111 0,9гр",Макияж,Губы,Карандаш для губ,,Массмаркет,178,216.0,,,,,,,,,,0.77,brand_cat3,315.06,216.0,letu.ru,197.77777777777777,215.0,True,215.0,0.3175903002602679
Clarins,19000013038,CLARINS Крем тональный увлажняющий с матовым покрытием Skin Illusion Velvet 103N 30мл,Макияж,Лицо,Тональные основы,Жидкие тональные основы,Люкс,1369,,2254.0,2342.0,2165.0,,,,2121.0,2652.0,2386.0,1.03,brand,2779.07,2121.0,lamoda.ru,1521.111111111111,2120.0,True,2120.0,0.2371548755518933
Clarins,19000033376,"CLARINS Бальзам для рук питательный Baume Jeunesse des Mains, 100мл",Уход,Уход за руками,Крем для рук,,Люкс,737,,1261.0,1142.0,1190.0,,,,1261.0,1512.0,1261.0,0.85,brand_cat3,1363.45,1142.0,rivegauche.ru,818.8888888888889,1141.0,True,1141.0,0.16315229748065574
Clarins,19000149524,CLARINS Мист д/тела Eau Des Jardins 100мл,Уход,Уход за телом,Прочее_тело,,Люкс,1327,,2229.0,2271.0,2061.0,,,,,,2104.0,0.9,brand_cat3,2521.2999999999997,2061.0,Ozon,1474.4444444444443,2060.0,True,2060.0,0.18296117082457453
Clarins,15023600002,Clarins Маска д/лица очищающая с экстр.кипрея SOS Pure 75мл,Уход,Уход за лицом,Уход за лицом _маски,Очищающие маски,Люкс,1340,,,2422.0,2082.0,,,,2422.0,2750.0,,1.03,brand,2720.2000000000003,2082.0,Ozon,1488.888888888889,2081.0,True,2081.0,0.23498272185868696
Clarins,19000000352,CLARINS Спрей д/лица интенсивно увлажняющий защитный 75мл,Уход,Уход за лицом,Основной уход,Косметическая вода,Люкс,834,,1297.0,1327.0,1417.0,,,,1508.0,1633.0,1509.0,1.03,brand,1693.0200000000002,1297.0,iledebeaute.ru,926.6666666666666,1296.0,True,1296.0,0.2345040223978454
Clarins,19000258578,Clarins Крем д/лица ночной Сухая кожа Multi-Active 50мл,Уход,Уход за лицом,Основной уход,Крем для лица,Люкс,2291,,3998.0,3570.0,3927.0,,,,3712.0,4536.0,4141.0,1.03,brand,4650.7300000000005,3570.0,rivegauche.ru,2545.5555555555557,3569.0,True,3569.0,0.2325935928338133
Clarins,19000036416,CLARINS Эмульсия способствующая сокращению пигментации увлажняющая BRIGHT PLUS 75мл,Уход,Уход за лицом,Основной уход,Эмульсии,Люкс,1418,,2210.0,2298.0,2563.0,,,,2210.0,2860.0,2386.0,1.03,brand,2878.5400000000004,2210.0,iledebeaute.ru,1575.5555555555554,2209.0,True,2209.0,0.2325970804644022
Clarins,19000299771,"Clarins Бальзам д/губ Oil 01 2,9гр",Макияж,Губы,Бальзам для губ_макияж,,Люкс,913,,1423.0,1423.0,,,,,,,1651.0,1.03,brand,1853.3900000000003,1423.0,iledebeaute.ru,1014.4444444444445,1422.0,True,1422.0,0.2327572718100347
Clarins,14022600004,Clarins Консилер против темных кругов Instant 00 15мл,Макияж,Лицо,Корректор/консилер,,Люкс,1036,,1647.0,1873.0,1615.0,,,,1776.0,1900.0,2014.0,1.1,brand_cat3,2175.6,1615.0,Ozon,1151.111111111111,1614.0,True,1614.0,0.2581356867071153
Clarins,14036200013,Clarins Крем д/лица тональный с легким покрытием Skin Illusion SPF15 30мл тон 108,Макияж,Лицо,Тональные основы,Жидкие тональные основы,Люкс,1343,,2332.0,2094.0,2094.0,,,,2332.0,2744.0,2142.0,1.03,brand,2726.2900000000004,2094.0,rivegauche.ru,1492.2222222222222,2093.0,True,2093.0,0.23229003517600855
Clarins,19000417234,CLARINS Сыворотка д/тела Peau neuve 200мл,Уход,Уход за телом,Прочее_тело,,Люкс,1762,,,,,,,,,,2752.0,0.9,brand_cat3,3347.7999999999997,2752.0,visagehall.ru,1957.7777777777778,2751.0,True,2751.0,0.17826632415317512
Clarins,14017400009,Clarins Кисть для подводки PINCEAU EYELINER 2017,Макияж,Кисти/спонжи,Кисти,,Люкс,818,,1479.0,1378.0,1303.0,,,,1278.0,,,0.96,brand_cat3,1603.28,1278.0,lamoda.ru,908.8888888888889,1277.0,True,1277.0,0.20350780899156728
Clarins,19000192724,"CLARINS Сыворотка д/лица Тональная Масла 02,5 30мл",Макияж,Лицо,Тональные основы,Жидкие тональные основы,Люкс,1125,,1876.0,1759.0,1915.0,,,,,2070.0,1915.0,1.03,brand,2283.7500000000005,1759.0,rivegauche.ru,1250.0,1758.0,True,1758.0,0.2302134646962235
Vivienne Sabo,19000413117,"Vivienne Sabo Помада-бальзам д/губ Lala laque 03 2,5гр",Макияж,Губы,Помада для губ,Помада увлажняющая,Массмаркет,225,334.0,321.0,315.0,826.0,276.0,,,,,,0.59,brand,357.74999999999994,276.0,Wildberries,250.0,275.0,True,275.0,0.23130677847658965
Vivienne Sabo,19000329302,Vivienne Sabo Тушь д/бровей Designeur 01 5мл,Макияж,Брови,Тушь для бровей,,Массмаркет,185,275.0,259.0,,295.0,227.0,,,,,,0.8,brand_cat3,333.0,227.0,Wildberries,205.55555555555554,226.0,True,226.0,0.3213213213213213
Clarins,19000013045,CLARINS Крем тональный увлажняющий с матовым покрытием Skin Illusion Velvet 109C 30мл,Макияж,Лицо,Тональные основы,Жидкие тональные основы,Люкс,1492,,2431.0,2607.0,2342.0,,,,2652.0,2860.0,2652.0,1.03,brand,3028.76,2342.0,Ozon,1657.7777777777778,2341.0,True,2341.0,0.2270764273167898
Clarins,19760318966,Clarins Консилер устойчивый EVERLASTING CONCEALER 00 12мл,Макияж,Лицо,Корректор/консилер,,Люкс,1090,,1744.0,1776.0,1970.0,,,,1808.0,2052.0,1711.0,1.1,brand_cat3,2289.0,1711.0,visagehall.ru,1211.111111111111,1710.0,True,1710.0,0.25294888597640897
Vivienne Sabo,19000413120,"Vivienne Sabo Помада-бальзам д/губ Lala laque 06 2,5гр",Макияж,Губы,Помада для губ,Помада увлажняющая,Массмаркет,237,328.0,,327.0,841.0,292.0,,,,,,0.59,brand,376.83,292.0,Wildberries,263.3333333333333,291.0,True,291.0,0.2277684897699227
Clarins,19000194322,CLARINS Футляр д/помады Joli rouge Red,Макияж,Аксессуары_макияж,Аксессуары,Футляры/кейсы/палитры,Люкс,400,,642.0,711.0,,,,,630.0,,,1.03,brand,812.0000000000001,630.0,lamoda.ru,444.44444444444446,629.0,True,629.0,0.22536945812807896
Clarins,19000194287,"CLARINS Помада д/губ Joli rouge Retail reno 752 3,5гр",Макияж,Губы,Помада для губ,,Люкс,1215,,1951.0,2125.0,1951.0,,,,1916.0,2501.0,2021.0,1.03,brand,2466.4500000000003,1916.0,lamoda.ru,1350.0,1915.0,True,1915.0,0.22358044963408952
Clarins,19000399412,"CLARINS Помада д/губ Joli Rouge 783V 3,5гр",Макияж,Губы,Помада для губ,Помада матовая,Люкс,1215,,,2091.0,1916.0,,,,,,2056.0,1.03,brand,2466.4500000000003,1916.0,Ozon,1350.0,1915.0,True,1915.0,0.22358044963408952
Clarins,19000149523,Clarins Мист д/тела Eau Ressourcante 100мл,Уход,Уход за телом,Прочее_тело,,Люкс,1280,,2019.0,2229.0,2313.0,,,,,,2104.0,0.9,brand_cat3,2432.0,2019.0,iledebeaute.ru,1422.2222222222222,2018.0,True,2018.0,0.1702302631578947
Clarins,19000013039,CLARINS Крем тональный увлажняющий с матовым покрытием Skin Illusion Velvet 105N 30мл,Макияж,Лицо,Тональные основы,Жидкие тональные основы,Люкс,1541,,2607.0,2740.0,2475.0,,,,2740.0,3016.0,2431.0,1.03,brand,3128.2300000000005,2431.0,visagehall.ru,1712.2222222222222,2430.0,True,2430.0,0.22320289748515942
Clarins,19000013029,CLARINS Пудра компактная матирующая Ever Matte 04 10гр,Макияж,Лицо,Пудра_лицо,Компактная пудра,Люкс,1823,,3251.0,3034.0,2991.0,,,,,3876.0,2876.0,1.03,brand,3700.6900000000005,2876.0,visagehall.ru,2025.5555555555554,2875.0,True,2875.0,0.22311785099535508
Clarins,15020700002,Кларанс Дезодорант-ролик универсальный 50мл,Уход,Уход за телом,Дезодорант,Ролик,Люкс,858,,1356.0,1453.0,1550.0,,,,1525.0,1624.0,1429.0,1.03,brand,1741.7400000000002,1356.0,iledebeaute.ru,953.3333333333333,1355.0,True,1355.0,0.22204232549060143
Clarins,19000194299,"CLARINS Помада д/губ Joli rouge Retail reno 772 3,5гр",Макияж,Губы,Помада для губ,,Люкс,1234,,2091.0,2195.0,,,,,2056.0,2460.0,1951.0,1.03,brand,2505.0200000000004,1951.0,visagehall.ru,1371.111111111111,1950.0,True,1950.0,0.2215631012926046
Clarins,15021300019,Кларанс Сыворотка д/лица интенсивного действия 30мл,Уход,Уход за лицом,Сыворотки,,Люкс,4500,,8132.0,7624.0,7115.0,,,,8132.0,9269.0,7497.0,0.88,brand_cat3,8460.0,7115.0,Ozon,5000.0,7114.0,True,7114.0,0.15910165484633565
Clarins,19000194323,CLARINS Футляр д/помады Joli rouge White,Макияж,Аксессуары_макияж,Аксессуары,Футляры/кейсы/палитры,Люкс,406,,642.0,688.0,,,,,783.0,,,1.03,brand,824.1800000000001,642.0,iledebeaute.ru,451.1111111111111,641.0,True,641.0,0.22225727389647898
Clarins,19000013040,CLARINS Крем тональный увлажняющий с матовым покрытием Skin Illusion Velvet 106N 30мл,Макияж,Лицо,Тональные основы,Жидкие тональные основы,Люкс,1565,,2475.0,2607.0,2828.0,,,,2563.0,3172.0,2652.0,1.03,brand,3176.9500000000003,2475.0,iledebeaute.ru,1738.888888888889,2474.0,True,2474.0,0.22126567934654318
Clarins,14036200008,Clarins Крем д/лица тональный с легким покрытием Skin Illusion SPF15 30мл тон 101,Макияж,Лицо,Тональные основы,Жидкие тональные основы,Люкс,1685,,2665.0,2665.0,2998.0,,,,2951.0,3584.0,2998.0,1.03,brand,3420.5500000000006,2665.0,iledebeaute.ru,1872.2222222222222,2664.0,True,2664.0,0.22117788075017186
Clarins,19000000357,CLARINS Концентрат д/лица с эффектом загара 15мл,Уход,Солнечная серия/авто загары,Авто загар,,Люкс,895,,1473.0,1502.0,1416.0,,,,1445.0,1768.0,1445.0,1.07,brand_cat3,1852.6500000000003,1416.0,Ozon,994.4444444444445,1415.0,True,1415.0,0.23622918522116976
Clarins,19000200491,"Clarins Тени д/век насыщенные Ombre Skin тон 03 1,5гр",Макияж,Глаза,Тени для век,Прессованные тени,Люкс,963,,1579.0,1525.0,1525.0,,,,1579.0,1953.0,1687.0,1.03,brand,1954.8900000000003,1525.0,rivegauche.ru,1070.0,1524.0,True,1524.0,0.2204164940226817
Vivienne Sabo,19000441674,Vivienne Sabo Консилер д/лица Coverture Плотное покрытие 01 5мл,Макияж,Лицо,Корректор/консилер,,Массмаркет,183,,271.0,233.0,227.0,245.0,,,,,,0.6,brand_cat3,292.8,227.0,Ozon,203.33333333333331,226.0,True,226.0,0.22814207650273222
Clarins,19000283294,"Clarins Рефил помады д/губ Joli Rouge 789 3,5гр",Макияж,Губы,Помада для губ,,Люкс,737,,,1332.0,,,,,1168.0,,,1.03,brand,1496.1100000000001,1168.0,lamoda.ru,818.8888888888889,1167.0,True,1167.0,0.2199771407182628
Clarins,19000200495,Clarins База под макияж White SOS Primer 30мл,Макияж,Лицо,Праймер/база_лицо,,Люкс,1268,,2010.0,2222.0,2010.0,,,,2045.0,2531.0,2187.0,1.21,brand_cat3,2802.2799999999997,2010.0,iledebeaute.ru,1408.888888888889,2009.0,True,2009.0,0.2830837746406497
Clarins,19000299773,"Clarins Бальзам д/губ Oil 03 2,9гр",Макияж,Губы,Бальзам для губ_макияж,,Люкс,1040,,1651.0,1850.0,1765.0,,,,,,1765.0,1.03,brand,2111.2000000000003,1651.0,iledebeaute.ru,1155.5555555555554,1650.0,True,1650.0,0.21845395983327032
Clarins,19000141135,Clarins Крем д/лица дневной с эффектом лифтинга SPF15 50мл,Уход,Уход за лицом,Основной уход,Крем для лица,Люкс,4067,,,7015.0,6458.0,,,,,,6788.0,1.03,brand,8256.01,6458.0,Ozon,4518.888888888889,6457.0,True,6457.0,0.21790307909026274
Clarins,19000164822,Clarins Бальзам д/талии и живота Multi-Intensive 200мл,Уход,Уход за телом,Антицеллюлитная серия/коррекция фигуры,,Люкс,2359,,3746.0,4199.0,,,,,,,4199.0,0.86,brand_cat3,4387.74,3746.0,iledebeaute.ru,2621.111111111111,3745.0,True,3745.0,0.14648543441498352
Clarins,15020100137,Кларанс Масло д/тела Тоник 100мл,Уход,Уход за телом,Масла,,Люкс,1924,,3056.0,3109.0,3056.0,,,,3056.0,3596.0,3320.0,1.24,brand_cat3,4309.76,3056.0,iledebeaute.ru,2137.777777777778,3055.0,True,3055.0,0.2911438223938224
Clarins,14037100010,Clarins Флюид тональный устойчивый с омолаживающим действием SPF15 Everlasting Youth Fluid 107 30мл,Макияж,Лицо,Тональные основы,Жидкие тональные основы,Люкс,1555,,,2470.0,,,,,,,,1.03,brand,3156.6500000000005,2470.0,rivegauche.ru,1727.7777777777778,2469.0,True,2469.0,0.21784169926979569
Clarins,19000399411,"CLARINS Помада д/губ Joli Rouge 758V 3,5гр",Макияж,Губы,Помада для губ,Помада матовая,Люкс,1272,,,2160.0,2230.0,,,,,,2021.0,1.03,brand,2582.1600000000003,2021.0,visagehall.ru,1413.3333333333333,2020.0,True,2020.0,0.21770920469684307
Clarins,14036200018,Clarins Крем д/лица тональный с легким покрытием Skin Illusion SPF15 30мл тон 111,Макияж,Лицо,Тональные основы,Жидкие тональные основы,Люкс,1527,,2475.0,2618.0,2713.0,,,,2522.0,3192.0,2427.0,1.03,brand,3099.8100000000004,2427.0,visagehall.ru,1696.6666666666665,2426.0,True,2426.0,0.2173713872785752
Clarins,19000412905,CLARINS Пигмент д/губ Water Lip Stain 09 7мл,Макияж,Губы,Тинт/пигмент,,Люкс,977,,1713.0,1606.0,,,,,,,1553.0,0.91,brand_cat3,1866.0700000000002,1553.0,visagehall.ru,1085.5555555555554,1552.0,True,1552.0,0.1683055833918342
Clarins,14019300005,Clarins Блеск для губ Eclat Minute 12мл тон 07,Макияж,Губы,Блеск для губ,,Люкс,599,,,1018.0,953.0,,,,,,,0.92,brand_cat3,1150.08,953.0,Ozon,665.5555555555555,952.0,True,952.0,0.17223149693934325
Clarins,19000194279,"CLARINS Помада д/губ Joli rouge Retail reno 731 3,5гр",Макияж,Губы,Помада для губ,,Люкс,1292,,2056.0,2334.0,2300.0,,,,2334.0,2542.0,2125.0,1.03,brand,2622.76,2056.0,iledebeaute.ru,1435.5555555555554,2055.0,True,2055.0,0.2164742485015786
Clarins,19000194304,"CLARINS Помада д/губ Joli rouge Retail reno 780S 3,5гр",Макияж,Губы,Помада для губ,,Люкс,1292,,2056.0,2091.0,,,,,,2542.0,2195.0,1.03,brand,2622.76,2056.0,iledebeaute.ru,1435.5555555555554,2055.0,True,2055.0,0.2164742485015786
Clarins,19000194294,"CLARINS Помада д/губ Joli rouge Retail reno 768 3,5гр",Макияж,Губы,Помада для губ,,Люкс,1197,,2099.0,2300.0,,,,,,2624.0,1905.0,1.03,brand,2429.9100000000003,1905.0,visagehall.ru,1330.0,1904.0,True,1904.0,0.21643188430847238
Clarins,14036200009,Clarins Крем д/лица тональный с легким покрытием Skin Illusion SPF15 30мл тон 103,Макияж,Лицо,Тональные основы,Жидкие тональные основы,Люкс,1764,,3094.0,2951.0,2903.0,,,,2808.0,3528.0,3141.0,1.03,brand,3580.9200000000005,2808.0,lamoda.ru,1960.0,2807.0,True,2807.0,0.21612323090155616
Clarins,15023600003,Clarins Маска д/лица питательная с маслом манго SOS Comfort 75мл,Уход,Уход за лицом,Уход за лицом _маски,Увлажнение и питание,Люкс,1787,,,2890.0,3060.0,,,,2845.0,3650.0,,1.03,brand,3627.6100000000006,2845.0,lamoda.ru,1985.5555555555554,2844.0,True,2844.0,0.21601274668445625
Vivienne Sabo,19000438308,Vivienne Sabo Тушь д/ресниц Cabaret legende noir 01 9мл,Макияж,Глаза,Тушь для ресниц,Тушь,Массмаркет,214,,,,267.0,,,,,,,0.41,brand_cat3,301.74,267.0,Ozon,237.77777777777777,266.0,True,266.0,0.11844634453503022
Clarins,19000013048,CLARINS Тушь д/ресниц с эффектом подкручивания и объема Supra Lift & Curl Mascara 01 8мл,Макияж,Глаза,Тушь для ресниц,Тушь,Люкс,1054,,1679.0,1679.0,1679.0,,,,1744.0,2052.0,1808.0,1.03,brand,2139.6200000000003,1679.0,iledebeaute.ru,1171.111111111111,1678.0,True,1678.0,0.2157485908712763
Clarins,19000194321,CLARINS Футляр д/помады Joli rouge Gold,Макияж,Аксессуары_макияж,Аксессуары,Футляры/кейсы/палитры,Люкс,381,,607.0,676.0,,,,,607.0,,,1.03,brand,773.4300000000001,607.0,iledebeaute.ru,423.3333333333333,606.0,True,606.0,0.21647725068849155
Clarins,14019300004,Clarins Блеск для губ Eclat Minute 12мл тон 06 Rosewood shimmer,Макияж,Губы,Блеск для губ,,Люкс,815,,,1408.0,1343.0,,,,1300.0,,,0.92,brand_cat3,1564.8,1300.0,lamoda.ru,905.5555555555555,1299.0,True,1299.0,0.16986196319018398
Clarins,19000279526,Clarins Крем д/лица против морщин солнцезащитный SPF50+ Jeunesse 50мл,Уход,Солнечная серия/авто загары,Солнцезащитные средства,Защита от 41 до 50 SPF,Люкс,1151,,1927.0,1866.0,2080.0,,,,,,1836.0,1.03,brand,2336.53,1836.0,visagehall.ru,1278.888888888889,1835.0,True,1835.0,0.2146473616859189
Clarins,14017400006,Clarins Кисть для растушевки теней для век PINCEAU ESTOMPEUR 1шт.,Макияж,Кисти/спонжи,Кисти,,Люкс,763,,1378.0,1353.0,1218.0,,,,1378.0,1445.0,1304.0,0.96,brand_cat3,1495.48,1218.0,Ozon,847.7777777777777,1217.0,True,1217.0,0.18621445957150884
Clarins,19000194281,"CLARINS Помада д/губ Joli rouge Retail reno 732S 3,5гр",Макияж,Губы,Помада для губ,,Люкс,1157,,1951.0,1847.0,,,,,,,1847.0,1.03,brand,2348.7100000000005,1847.0,rivegauche.ru,1285.5555555555554,1846.0,True,1846.0,0.21403664139038037
Clarins,19000194292,"CLARINS Помада д/губ Joli rouge Retail reno 759S 3,5гр",Макияж,Губы,Помада для губ,,Люкс,1157,,1847.0,1951.0,1847.0,,,,1986.0,2337.0,1916.0,1.03,brand,2348.7100000000005,1847.0,iledebeaute.ru,1285.5555555555554,1846.0,True,1846.0,0.21403664139038037
Clarins,15020100144,Кларанс Масло д/лица Лотос д/комбинированной/жирной кожи 30мл,Уход,Уход за лицом,Основной уход,Масло для лица,Люкс,1467,,2563.0,2386.0,2342.0,,,,2431.0,,2431.0,1.03,brand,2978.01,2342.0,Ozon,1630.0,2341.0,True,2341.0,0.21390458729151351
Clarins,19000459498,CLARINS Набор в косметичке Baume beaute eclair 50мл+30мл+10мл,Уход,Наборы_уход,Подарочные наборы_уход,,Люкс,1125,,,1798.0,,,,,,,,0.97,brand_cat2,2216.25,1798.0,rivegauche.ru,1250.0,1797.0,True,1797.0,0.18917089678511
Clarins,14036200017,Clarins Крем д/лица тональный с легким покрытием Skin Illusion SPF15 30мл тон 110,Макияж,Лицо,Тональные основы,Жидкие тональные основы,Люкс,1369,,2475.0,2237.0,2380.0,,,,2189.0,2744.0,2380.0,1.03,brand,2779.07,2189.0,lamoda.ru,1521.111111111111,2188.0,True,2188.0,0.21268625835261445
Clarins,15022600006,CLARINS Молочко д/бюста укрепляющее LAIT BUSTE 50мл,Уход,Уход за телом,Молочко для тела,,Люкс,1779,,3214.0,2845.0,,,,,,3286.0,2951.0,0.86,brand_cat3,3308.9399999999996,2845.0,rivegauche.ru,1976.6666666666665,2844.0,True,2844.0,0.1405102540390577
Clarins,14022600001,Clarins Консилер против темных кругов Instant 01 15мл,Макияж,Лицо,Корректор/консилер,,Люкс,1090,,1873.0,1873.0,1744.0,,,,1873.0,2128.0,2090.0,1.1,brand_cat3,2289.0,1744.0,Ozon,1211.111111111111,1743.0,True,1743.0,0.23853211009174313
Clarins,19000013047,CLARINS Крем тональный увлажняющий с матовым покрытием Skin Illusion Velvet 111N 30мл,Макияж,Лицо,Тональные основы,Жидкие тональные основы,Люкс,1712,,3049.0,2740.0,,,,,,,2740.0,1.03,brand,3475.3600000000006,2740.0,rivegauche.ru,1902.2222222222222,2739.0,True,2739.0,0.21188020809355013
Clarins,19000200494,"Clarins Тени д/век насыщенные Ombre Skin тон 06 1,5гр",Макияж,Глаза,Тени для век,Прессованные тени,Люкс,785,,1311.0,1258.0,1284.0,,,,1365.0,1638.0,1339.0,1.03,brand,1593.5500000000002,1258.0,rivegauche.ru,872.2222222222222,1257.0,True,1257.0,0.21119513036930138
Clarins,19000459508,"CLARINS Набор в косметичке Multi-intensive 50мл+15мл+7мл+0,9мл",Уход,Наборы_уход,Подарочные наборы_уход,,Люкс,3265,,,5233.0,,,,,,,,0.97,brand_cat2,6432.05,5233.0,rivegauche.ru,3627.777777777778,5232.0,True,5232.0,0.1865734874573426
Clarins,19000459511,CLARINS Набор в косметичке Total eye lift 15мл+3мл+30мл,Уход,Наборы_уход,Подарочные наборы_уход,,Люкс,2712,,,4347.0,,,,,,,,0.97,brand_cat2,5342.64,4347.0,rivegauche.ru,3013.3333333333335,4346.0,True,4346.0,0.18654447988260492
Clarins,19000283286,"Clarins Помада д/губ Joli Rouge 786 3,5гр",Макияж,Губы,Помада для губ,,Люкс,1195,,1951.0,1951.0,1951.0,,,,1951.0,2337.0,1916.0,1.03,brand,2425.8500000000004,1916.0,visagehall.ru,1327.7777777777778,1915.0,True,1915.0,0.21058598017189867
Clarins,19000378754,CLARINS Сыворотка д/лица Bright Plus Advanced 50мл,Уход,Уход за лицом,Сыворотки,,Люкс,4325,,,7374.0,7374.0,,,,7814.0,,6935.0,0.88,brand_cat3,8130.999999999999,6935.0,visagehall.ru,4805.555555555556,6934.0,True,6934.0,0.14721436477678018
Clarins,19000181008,CLARINS Блеск д/губ Perfector 20 12мл,Макияж,Губы,Блеск для губ,,Люкс,851,,1495.0,1473.0,1495.0,,,,1386.0,1708.0,1365.0,0.92,brand_cat3,1633.9199999999998,1365.0,visagehall.ru,945.5555555555555,1364.0,True,1364.0,0.1651978065021542
Clarins,15021000001,Кларанс Масло д/лица Сантал д/сухой и красноватой кожи 30мл,Уход,Уход за лицом,Основной уход,Масло для лица,Люкс,1761,,3138.0,3094.0,2828.0,,,,2873.0,,3049.0,1.03,brand,3574.8300000000004,2828.0,Ozon,1956.6666666666665,2827.0,True,2827.0,0.20919316443019675
Clarins,14038900013,Clarins Блеск д/губ EMBELLISSEUR LEVRES 18 12мл,Макияж,Губы,Блеск для губ,,Люкс,863,,1430.0,1516.0,1386.0,,,,1386.0,1810.0,1474.0,0.92,brand_cat3,1656.96,1386.0,Ozon,958.8888888888889,1385.0,True,1385.0,0.1641319042101198
Clarins,19000149520,Clarins Молочко д/тела Eau Des Jardins 200мл,Уход,Уход за телом,Молочко для тела,,Люкс,1259,,2022.0,2094.0,2203.0,,,,2022.0,2465.0,2203.0,0.86,brand_cat3,2341.74,2022.0,iledebeaute.ru,1398.888888888889,2021.0,True,2021.0,0.13696652916207597
Clarins,14036200012,Clarins Крем д/лица тональный с легким покрытием Skin Illusion SPF15 30мл тон 107,Макияж,Лицо,Тональные основы,Жидкие тональные основы,Люкс,1422,,2380.0,2284.0,2570.0,,,,2284.0,2912.0,2332.0,1.03,brand,2886.6600000000003,2284.0,rivegauche.ru,1580.0,2283.0,True,2283.0,0.20912057533620176
Clarins,14036200010,Clarins Крем д/лица тональный с легким покрытием Skin Illusion SPF15 30мл тон 105,Макияж,Лицо,Тональные основы,Жидкие тональные основы,Люкс,1659,,2951.0,2760.0,2998.0,,,,2998.0,3192.0,2665.0,1.03,brand,3367.7700000000004,2665.0,visagehall.ru,1843.3333333333333,2664.0,True,2664.0,0.20897210914046993
Clarins,19000264368,Clarins Крем-гель д/тела Fit Active 200мл,Уход,Уход за телом,Крем для тела,,Люкс,2150,,3454.0,3885.0,3615.0,,,,,,3886.0,1.06,brand_cat3,4429.0,3454.0,iledebeaute.ru,2388.8888888888887,3453.0,True,3453.0,0.22036577105441413
Clarins,14036200014,Clarins Крем д/лица тональный с легким покрытием Skin Illusion SPF15 30мл тон 108.3,Макияж,Лицо,Тональные основы,Жидкие тональные основы,Люкс,1896,,3094.0,3046.0,3427.0,,,,3141.0,3976.0,3141.0,1.03,brand,3848.8800000000006,3046.0,rivegauche.ru,2106.6666666666665,3045.0,True,3045.0,0.208860759493671
Clarins,19000164828,Clarins Гель д/лица Hydra-Essentiel Matte 75мл,Уход,Уход за лицом,Основной уход,Гель для лица,Люкс,1828,,3304.0,2983.0,3258.0,,,,2937.0,3780.0,2937.0,1.03,brand,3710.8400000000006,2937.0,lamoda.ru,2031.111111111111,2936.0,True,2936.0,0.20880447553653636
Clarins,19000217064,Clarins Крем д/лица Питательный 50мл,Уход,Уход за лицом,Основной уход,Крем для лица,Люкс,1013,,1629.0,1779.0,,,,,1654.0,2006.0,1630.0,1.03,brand,2056.3900000000003,1629.0,iledebeaute.ru,1125.5555555555554,1628.0,True,1628.0,0.208321378726798
Clarins,14017400008,Clarins Кисть для губ PINCEAU LEVRES 2017,Макияж,Кисти/спонжи,Кисти,,Люкс,1013,,1754.0,1729.0,1704.0,,,,1629.0,2065.0,1755.0,0.96,brand_cat3,1985.48,1629.0,lamoda.ru,1125.5555555555554,1628.0,True,1628.0,0.18004714225275498
Clarins,14011900004,"Clarins Карандаш д/бровей Crayon Sourcils 01 1,1гр",Макияж,Брови,Карандаш для бровей,,Люкс,651,,1047.0,1065.0,1178.0,,,,,1232.0,1065.0,0.96,brand_cat3,1275.96,1047.0,iledebeaute.ru,723.3333333333334,1046.0,True,1046.0,0.18022508542587545
Clarins,19000164826,Clarins Крем д/лица Hydra-Essentiel SPF15 50мл,Уход,Уход за лицом,Основной уход,Крем для лица,Люкс,1854,,2983.0,3029.0,3304.0,,,,3350.0,3834.0,3075.0,1.03,brand,3763.6200000000003,2983.0,iledebeaute.ru,2060.0,2982.0,True,2982.0,0.20767771454078798
Clarins,19000399414,"CLARINS Рефил помады д/губ Joli Rouge 742V 3,5гр",Макияж,Губы,Помада для губ,Помада матовая,Люкс,944,,,1519.0,,,,,,,,1.03,brand,1916.3200000000002,1519.0,rivegauche.ru,1048.888888888889,1518.0,True,1518.0,0.2078567253903315
Clarins,19000120102,"CLARINS Палетка теней д/век Ombre 4 07 4,2гр",Макияж,Глаза,Тени для век,Прессованные тени,Люкс,1682,,,3018.0,3063.0,,,,,,2707.0,1.03,brand,3414.4600000000005,2707.0,visagehall.ru,1868.888888888889,2706.0,True,2706.0,0.20748815332439108
Clarins,19000412904,CLARINS Пигмент д/губ Water Lip Stain 04 7мл,Макияж,Губы,Тинт/пигмент,,Люкс,814,,1338.0,1445.0,,,,,,,1312.0,0.91,brand_cat3,1554.74,1312.0,visagehall.ru,904.4444444444445,1311.0,True,1311.0,0.15677219342140813
Clarins,14012900007,"Clarins Карандаш д/глаз автоматический водостойкий 06 0,29гр",Макияж,Глаза,Карандаш для глаз,,Люкс,887,,1538.0,1560.0,1516.0,,,,1495.0,1887.0,1430.0,0.92,brand_cat3,1703.04,1430.0,visagehall.ru,985.5555555555555,1429.0,True,1429.0,0.16091225103344609
Clarins,19000299779,"Clarins Тени д/век насыщенные Ombre Skin 08 1,5гр",Макияж,Глаза,Тени для век,Прессованные тени,Люкс,1096,,,1900.0,1793.0,,,,,,1767.0,1.03,brand,2224.88,1767.0,visagehall.ru,1217.7777777777778,1766.0,True,1766.0,0.2062493258063357
Clarins,19000200498,Clarins База под макияж Green SOS Primer 30мл,Макияж,Лицо,Праймер/база_лицо,,Люкс,1268,,2045.0,2292.0,2151.0,,,,2186.0,2697.0,2152.0,1.21,brand_cat3,2802.2799999999997,2045.0,iledebeaute.ru,1408.888888888889,2044.0,True,2044.0,0.27059394493055644
Clarins,19000459505,"CLARINS Набор в косметичке Multi active 2*50мл+15мл+1,4мл+3мл+0,9мл",Уход,Наборы_уход,Подарочные наборы_уход,,Люкс,4293,,,6927.0,,,,,,,,0.97,brand_cat2,8457.21,6927.0,rivegauche.ru,4770.0,6926.0,True,6926.0,0.18105379906612218
Clarins,19000194300,"CLARINS Помада д/губ Joli rouge Retail reno 774 3,5гр",Макияж,Губы,Помада для губ,,Люкс,1446,,2439.0,2369.0,2334.0,,,,2613.0,2788.0,2544.0,1.03,brand,2935.3800000000006,2334.0,Ozon,1606.6666666666665,2333.0,True,2333.0,0.20521363503192103
Clarins,19000192723,CLARINS Сыворотка д/лица Тональная Масла 02 30мл,Макияж,Лицо,Тональные основы,Жидкие тональные основы,Люкс,1211,,2033.0,2111.0,1955.0,,,,2111.0,2300.0,2033.0,1.03,brand,2458.3300000000004,1955.0,Ozon,1345.5555555555554,1954.0,True,1954.0,0.2051514646121555
Clarins,19000192722,CLARINS Сыворотка д/лица Тональная Масла 01 30мл,Макияж,Лицо,Тональные основы,Жидкие тональные основы,Люкс,1428,,2346.0,2385.0,2346.0,,,,2306.0,,2463.0,1.03,brand,2898.84,2306.0,lamoda.ru,1586.6666666666665,2305.0,True,2305.0,0.2048543555353176
Clarins,19000283225,Clarins Бальзам д/губ Hydra-Essentiel 15мл,Уход,Уход за лицом,Уход за губами,Бальзамы для губ,Люкс,760,,1249.0,,1228.0,,,,,,1249.0,1.03,brand,1542.8000000000002,1228.0,Ozon,844.4444444444445,1227.0,True,1227.0,0.20469276639875555
Clarins,19000373905,CLARINS Крем д/лица SPF25 03 40мл,Макияж,Лицо,Тональные основы,Жидкие тональные основы,Люкс,1233,,,2228.0,,,,,,,1994.0,1.03,brand,2502.9900000000002,1994.0,visagehall.ru,1370.0,1993.0,True,1993.0,0.20375231223456758
Clarins,14036800007,Clarins Румяна компактные Joli 06 5гр,Макияж,Лицо,Румяна,Прессованные румяна,Люкс,1608,,2792.0,2715.0,2715.0,,,,2601.0,3375.0,2830.0,1.03,brand,3264.2400000000002,2601.0,lamoda.ru,1786.6666666666665,2600.0,True,2600.0,0.20348993946523541
Clarins,19000194315,"CLARINS Рефил помады д/губ Joli rouge Retail reno 757 3,5гр",Макияж,Губы,Помада для губ,,Люкс,996,,1682.0,1612.0,,,,,1752.0,,,1.03,brand,2021.8800000000003,1612.0,rivegauche.ru,1106.6666666666667,1611.0,True,1611.0,0.2032168081191763
Clarins,19000258573,Clarins Крем д/лица против возрастных изменений Multi-Active 50мл,Уход,Уход за лицом,Основной уход,Крем для лица,Люкс,2489,,,4029.0,4297.0,,,,,,4431.0,1.03,brand,5052.670000000001,4029.0,rivegauche.ru,2765.5555555555557,4028.0,True,4028.0,0.20279772872560464
Clarins,14024300003,Clarins ВВ-флюид с эффектом детокса SPF25 45мл тон 02 Skin detox Fluid,Макияж,Лицо,ВВ/СС средства,,Люкс,1449,,2424.0,2346.0,,,,,2580.0,,2346.0,0.97,brand_cat3,2854.5299999999997,2346.0,rivegauche.ru,1610.0,2345.0,True,2345.0,0.17849873709507336
Clarins,15021200012,Clarins Сыворотка сужающая поры Поре Контрол 30мл,Уход,Уход за лицом,Сыворотки,,Люкс,2372,,3841.0,4230.0,3896.0,,,,3896.0,4978.0,3953.0,0.88,brand_cat3,4459.36,3841.0,iledebeaute.ru,2635.5555555555557,3840.0,True,3840.0,0.13888988554411386
Clarins,15024300005,Clarins Сыворотка способствующая сокращению пигментации и придающая сияние коже Bright Plus 30мл,Уход,Уход за лицом,Сыворотки,,Люкс,3078,,,,5349.0,,,,,,4985.0,0.88,brand_cat3,5786.639999999999,4985.0,visagehall.ru,3420.0,4984.0,True,4984.0,0.1387057083212364
Clarins,19000459501,"CLARINS Набор в косметичке Extra firming 2*50мл+15мл+3мл+7мл+0,9мл",Уход,Наборы_уход,Подарочные наборы_уход,,Люкс,6138,,10710.0,9945.0,,,,,,,,0.97,brand_cat2,12091.86,9945.0,rivegauche.ru,6820.0,9944.0,True,9944.0,0.177628586503648
Clarins,19760318954,Clarins Крем тональный устойчивый Everlasting 100.5W 30мл,Макияж,Лицо,Тональные основы,Жидкие тональные основы,Люкс,1981,,,,3211.0,,,,,,,1.03,brand,4021.4300000000003,3211.0,Ozon,2201.111111111111,3210.0,True,3210.0,0.20177648249503288
Clarins,19000396910,CLARINS Карандаш Солнцезащитный SPF50 Solaire invisible 17гр,Уход,Солнечная серия/авто загары,Солнцезащитные средства,Защита от 41 до 50 SPF,Люкс,1151,,1866.0,1927.0,1958.0,,,,,,2019.0,1.03,brand,2336.53,1866.0,iledebeaute.ru,1278.888888888889,1865.0,True,1865.0,0.20180780901593398
Clarins,19000149508,CLARINS Пена д/ванны и душа Relaxant 200мл,Уход,Уход за телом,Для ванны и душа,Пена для ванн,Люкс,1064,,1725.0,1774.0,1803.0,,,,,2262.0,1898.0,1.03,brand,2159.92,1725.0,iledebeaute.ru,1182.2222222222222,1724.0,True,1724.0,0.20182228971443394
Clarins,19760318968,Clarins Консилер устойчивый EVERLASTING CONCEALER 02 12мл,Макияж,Лицо,Корректор/консилер,,Люкс,1215,,2099.0,1970.0,2002.0,,,,2067.0,2280.0,2131.0,1.1,brand_cat3,2551.5,1970.0,rivegauche.ru,1350.0,1969.0,True,1969.0,0.22829708014893202
Clarins,19000283288,"Clarins Помада д/губ Joli Rouge 788 3,5гр",Макияж,Губы,Помада для губ,,Люкс,1504,,2439.0,2509.0,2439.0,,,,2439.0,3198.0,2578.0,1.03,brand,3053.1200000000003,2439.0,iledebeaute.ru,1671.111111111111,2438.0,True,2438.0,0.2014725919714916
Clarins,19000459497,"CLARINS Набор My clarins 50мл+15мл+5мл+1,4мл",Уход,Наборы_уход,Подарочные наборы_уход,,Люкс,1962,,3182.0,3273.0,,,,,3410.0,,,0.97,brand_cat2,3865.14,3182.0,iledebeaute.ru,2180.0,3181.0,True,3181.0,0.1770026441474306
Clarins,19760318967,Clarins Консилер устойчивый EVERLASTING CONCEALER 01 12мл,Макияж,Лицо,Корректор/консилер,,Люкс,1394,,2357.0,2261.0,2422.0,,,,2519.0,2926.0,2454.0,1.1,brand_cat3,2927.4,2261.0,rivegauche.ru,1548.888888888889,2260.0,True,2260.0,0.22798387647742024
Clarins,14036200015,Clarins Крем д/лица тональный с легким покрытием Skin Illusion SPF15 30мл тон 108.5,Макияж,Лицо,Тональные основы,Жидкие тональные основы,Люкс,2054,,3427.0,3427.0,3665.0,,,,3332.0,4088.0,3570.0,1.03,brand,4169.620000000001,3332.0,lamoda.ru,2282.222222222222,3331.0,True,3331.0,0.20112624171986915
Clarins,19000217067,Clarins Гель д/лица Очищающий 125мл,Уход,Уход за лицом,Очищение/демакияж,Гель для умывания,Люкс,880,,1570.0,1550.0,1489.0,,,,1591.0,,1428.0,1.03,brand,1786.4000000000003,1428.0,visagehall.ru,977.7777777777777,1427.0,True,1427.0,0.20118674429019268
Clarins,19000279532,CLARINS Лосьон д/лица Demaquillant Express 200мл,Уход,Уход за лицом,Тоники-лосьоны-тонеры,,Люкс,832,,,1351.0,1479.0,,,,,,1453.0,0.85,brand_cat3,1539.2,1351.0,rivegauche.ru,924.4444444444445,1350.0,True,1350.0,0.12292099792099798
Clarins,14038900012,Clarins Блеск д/губ EMBELLISSEUR LEVRES 17 12мл,Макияж,Губы,Блеск для губ,,Люкс,947,,,1646.0,1581.0,,,,1625.0,1836.0,1539.0,0.92,brand_cat3,1818.24,1539.0,visagehall.ru,1052.2222222222222,1538.0,True,1538.0,0.15412706793382613
Clarins,19000194283,"CLARINS Помада д/губ Joli rouge Retail reno 742S 3,5гр",Макияж,Губы,Помада для губ,,Люкс,1350,,2369.0,2265.0,2300.0,,,,2300.0,2829.0,2195.0,1.03,brand,2740.5000000000005,2195.0,visagehall.ru,1500.0,2194.0,True,2194.0,0.19941616493340641
Clarins,19000412907,CLARINS Пигмент д/губ Water Lip Stain 13 7мл,Макияж,Губы,Тинт/пигмент,,Люкс,1185,,1927.0,2034.0,2141.0,,,,,,1928.0,0.91,brand_cat3,2263.3500000000004,1927.0,iledebeaute.ru,1316.6666666666667,1926.0,True,1926.0,0.14904897607528678
Clarins,19000192727,CLARINS Криомаска д/лица Лифтинг Cryo-Flash 75мл,Уход,Уход за лицом,Уход за лицом _маски,Увлажнение и питание,Люкс,2935,,4972.0,5237.0,4906.0,,,,4773.0,5694.0,,1.03,brand,5958.050000000001,4773.0,lamoda.ru,3261.111111111111,4772.0,True,4772.0,0.19906680877132632
Clarins,19000412427,CLARINS Пудра д/лица Bronzing 10гр,Макияж,Лицо,Бронзер,,Люкс,1806,,,2937.0,,,,,,,3100.0,1.07,brand_cat3,3738.4200000000005,2937.0,rivegauche.ru,2006.6666666666665,2936.0,True,2936.0,0.21464147955553425
Clarins,19760314691,"Clarins Тени д/век четырехцветные Ombre 4 Couleurs 04 4,2гр",Макияж,Глаза,Тени для век,Прессованные тени,Люкс,1246,,2117.0,2252.0,2027.0,,,,,2438.0,2027.0,1.03,brand,2529.38,2027.0,Ozon,1384.4444444444443,2026.0,True,2026.0,0.1990131969099147
Clarins,14037100016,Clarins Флюид тональный устойчивый с омолаживающим действием SPF15 Everlasting Youth Fluid 111 30мл,Макияж,Лицо,Тональные основы,Жидкие тональные основы,Люкс,1340,,,2180.0,,,,,,,,1.03,brand,2720.2000000000003,2180.0,rivegauche.ru,1488.888888888889,2179.0,True,2179.0,0.198955959120653
Clarins,15022500039,Clarins SUN Лосьон-спрей д/тела солнцезащитный SPF50+ 150мл,Уход,Солнечная серия/авто загары,Солнцезащитные средства,Защита от 41 до 50 SPF,Люкс,846,,,1377.0,1644.0,,,,1510.0,,,1.03,brand,1717.38,1377.0,rivegauche.ru,940.0,1376.0,True,1376.0,0.19877953627036538
Clarins,19000299775,"Clarins Бальзам д/губ Oil 05 2,9гр",Макияж,Губы,Бальзам для губ_макияж,,Люкс,1276,,2192.0,2078.0,,,,,,,2164.0,1.03,brand,2590.28,2078.0,rivegauche.ru,1417.7777777777778,2077.0,True,2077.0,0.19815618388745626
Clarins,19000149521,CLARINS Пена д/ванны и душа Tonic 200мл,Уход,Уход за телом,Для ванны и душа,Пена для ванн,Люкс,832,,1380.0,1405.0,1479.0,,,,1429.0,1566.0,1355.0,1.03,brand,1688.9600000000003,1355.0,visagehall.ru,924.4444444444445,1354.0,True,1354.0,0.19832322849564243
Clarins,19000194282,"CLARINS Помада д/губ Joli rouge Retail reno 742 3,5гр",Макияж,Губы,Помада для губ,,Люкс,1562,,2683.0,2788.0,2544.0,,,,2648.0,3157.0,2544.0,1.03,brand,3170.8600000000006,2544.0,Ozon,1735.5555555555554,2543.0,True,2543.0,0.19800937285152942
Clarins,19000120095,CLARINS Фиксатор д/ресниц и бровей Double Fix’ Прозрачный 8мл,Макияж,Брови,Гель для бровей,,Люкс,868,,1569.0,1524.0,1436.0,,,,1458.0,1794.0,1414.0,1.11,brand_cat3,1831.4800000000002,1414.0,visagehall.ru,964.4444444444445,1413.0,True,1413.0,0.22849280363421942
Clarins,19000036408,CLARINS Бальзам д/тела Tonic 200мл,Уход,Уход за телом,Крем для тела,,Люкс,1828,,2978.0,3304.0,2978.0,,,,3264.0,3552.0,2978.0,1.06,brand_cat3,3765.6800000000003,2978.0,iledebeaute.ru,2031.111111111111,2977.0,True,2977.0,0.2094389326761701
Clarins,14011900006,"Clarins Карандаш для бровей Eyebrow Pencil Crayon Sourcils 1,1гр.тон 03 soft blonde",Макияж,Брови,Карандаш для бровей,,Люкс,631,,1122.0,1028.0,1065.0,,,,1122.0,,1084.0,0.96,brand_cat3,1236.76,1028.0,rivegauche.ru,701.1111111111111,1027.0,True,1027.0,0.16960445033797988
Clarins,19000258575,Clarins Крем д/лица дневной Multi-Active SPF15 50мл,Уход,Уход за лицом,Основной уход,Крем для лица,Люкс,1895,,3424.0,3088.0,,,,,3290.0,3792.0,3290.0,1.03,brand,3846.8500000000004,3088.0,rivegauche.ru,2105.5555555555557,3087.0,True,3087.0,0.19752524793012471
Clarins,19000013042,CLARINS Крем тональный увлажняющий с матовым покрытием Skin Illusion Velvet 108.3N 30мл,Макияж,Лицо,Тональные основы,Жидкие тональные основы,Люкс,1247,,2254.0,2077.0,2033.0,,,,2210.0,2288.0,2121.0,1.03,brand,2531.4100000000003,2033.0,Ozon,1385.5555555555554,2032.0,True,2032.0,0.19728530739785344
Clarins,19000149522,Clarins Мист д/тела Eau Dynamisante 100мл,Уход,Уход за телом,Прочее_тело,,Люкс,1909,,3155.0,3113.0,,,,,,,3408.0,0.9,brand_cat3,3627.1,3113.0,rivegauche.ru,2121.111111111111,3112.0,True,3112.0,0.14201428138182015
Clarins,19000318130,CLARINS Маска д/лица My Clarins 50мл,Уход,Уход за лицом,Уход за лицом _маски,Очищающие маски,Люкс,787,,,1285.0,,,,,,,,1.03,brand,1597.6100000000001,1285.0,rivegauche.ru,874.4444444444445,1284.0,True,1284.0,0.19629947233680312
Clarins,14037100014,Clarins Флюид тональный устойчивый с омолаживающим действием SPF15 Everlasting Youth Fluid 109 30мл,Макияж,Лицо,Тональные основы,Жидкие тональные основы,Люкс,2225,,,3633.0,,,,,,,,1.03,brand,4516.750000000001,3633.0,rivegauche.ru,2472.222222222222,3632.0,True,3632.0,0.19588199479714408
Clarins,19000459507,"CLARINS Набор в косметичке Multi-intensive 2*50мл+3мл+7мл+30мл+0,9мл",Уход,Наборы_уход,Подарочные наборы_уход,,Люкс,10463,,18679.0,17085.0,,,,,,20100.0,,0.97,brand_cat2,20612.11,17085.0,rivegauche.ru,11625.555555555555,17084.0,True,17084.0,0.17116685288405697
Clarins,19000399421,"CLARINS Рефил помады д/губ Joli Rouge 790V 3,5гр",Макияж,Губы,Помада для губ,Помада матовая,Люкс,944,,,1542.0,,,,,,,,1.03,brand,1916.3200000000002,1542.0,rivegauche.ru,1048.888888888889,1541.0,True,1541.0,0.19585455456291234
Clarins,19000357020,CLARINS Крем д/лица 2в1 MEN 125мл,Уход,Уход за лицом,Основной уход,Крем для лица,Люкс,1307,,,2135.0,,,,,,,2221.0,1.03,brand,2653.2100000000005,2135.0,rivegauche.ru,1452.2222222222222,2134.0,True,2134.0,0.19569125700566503
Clarins,14036800004,Clarins Румяна компактные Joli 03 5гр,Макияж,Лицо,Румяна,Прессованные румяна,Люкс,1545,,2639.0,2524.0,2639.0,,,,2562.0,3105.0,2562.0,1.03,brand,3136.3500000000004,2524.0,rivegauche.ru,1716.6666666666665,2523.0,True,2523.0,0.19556171983356463
Clarins,19000217070,Clarins Сыворотка д/лица Устранение мелких несовершенств 30мл,Уход,Уход за лицом,Сыворотки,,Люкс,1346,,2199.0,2257.0,,,,,2199.0,2587.0,2434.0,2.5,product,4711.0,2199.0,iledebeaute.ru,1495.5555555555554,2198.0,True,2198.0,0.5334323922734027
Clarins,19000194303,"CLARINS Помада д/губ Joli rouge Retail reno 779S 3,5гр",Макияж,Губы,Помада для губ,,Люкс,1304,,2200.0,2439.0,,,,,,2911.0,2131.0,1.03,brand,2647.1200000000003,2131.0,visagehall.ru,1448.888888888889,2130.0,True,2130.0,0.19535192964429282
Clarins,19000120096,CLARINS Крем д/лица Multi-Intensive Дневной 50мл,Уход,Уход за лицом,Основной уход,Крем для лица,Люкс,3882,,6903.0,6458.0,7015.0,,,,,,6346.0,1.03,brand,7880.460000000001,6346.0,visagehall.ru,4313.333333333333,6345.0,True,6345.0,0.1948439558096864
Vivienne Sabo,19000360949,Vivienne Sabo Карандаш д/глаз Calligrapher 04 4гр,Макияж,Глаза,Карандаш для глаз,,Массмаркет,246,349.0,371.0,341.0,315.0,,,,,,,0.85,brand_cat3,455.1,315.0,Ozon,273.3333333333333,314.0,True,314.0,0.31004174906613935
Clarins,15020100093,Кларанс Дезодорат-ролик 50мл муж.,Уход,Уход за телом,Дезодорант,Ролик,Люкс,1027,,,1790.0,1701.0,,,,,,1679.0,1.03,brand,2084.8100000000004,1679.0,visagehall.ru,1141.111111111111,1678.0,True,1678.0,0.19513049150761952
Clarins,19000194305,"CLARINS Помада д/губ Joli rouge Retail reno 781V 3,5гр",Макияж,Губы,Помада для губ,,Люкс,1501,,,,,,,,,,2454.0,1.03,brand,3047.03,2454.0,visagehall.ru,1667.7777777777778,2453.0,True,2453.0,0.19495377465925845
Clarins,19000120098,CLARINS Крем д/сухой кожи Multi-Intensive Ночной 50мл,Уход,Уход за лицом,Основной уход,Крем для лица,Люкс,5413,,9083.0,,,,,,9083.0,,8850.0,1.03,brand,10988.390000000001,8850.0,visagehall.ru,6014.444444444444,8849.0,True,8849.0,0.19469549224226668
Clarins,19000164829,Clarins Крем д/лица Hydra-Essentiel Night 50мл,Уход,Уход за лицом,Основной уход,Крем для лица,Люкс,2279,,3779.0,3730.0,3972.0,,,,3827.0,4389.0,4118.0,1.03,brand,4626.370000000001,3730.0,rivegauche.ru,2532.222222222222,3729.0,True,3729.0,0.19396848933397037
Clarins,14012900003,"Clarins Карандаш для глаз автоматический водостойкий Waterproof Pencil 0,29г тон 02",Макияж,Глаза,Карандаш для глаз,,Люкс,1019,,1841.0,1668.0,1711.0,,,,1690.0,2167.0,1756.0,0.92,brand_cat3,1956.48,1668.0,rivegauche.ru,1132.2222222222222,1667.0,True,1667.0,0.14795960091593063
Clarins,19760318969,Clarins Консилер устойчивый EVERLASTING CONCEALER 02.5 12мл,Макияж,Лицо,Корректор/консилер,,Люкс,1322,,2293.0,2325.0,2325.0,,,,2293.0,2660.0,2164.0,1.1,brand_cat3,2776.2000000000003,2164.0,visagehall.ru,1468.888888888889,2163.0,True,2163.0,0.2208774583963692
Clarins,19000141136,Clarins Лосьон п/бритья MEN 100мл,Уход,Бритье_мужское,После бритья,Лосьон после бритья,Люкс,1034,,1869.0,1834.0,1834.0,,,,1763.0,2116.0,1693.0,1.03,brand,2099.0200000000004,1693.0,visagehall.ru,1148.888888888889,1692.0,True,1692.0,0.19390953873712513
Vivienne Sabo,19000447589,"Vivienne Sabo Карандаш д/бровей Powder Veluxe 03 1,2гр",Макияж,Брови,Карандаш для бровей,,Массмаркет,417,,597.0,603.0,535.0,540.0,,,,,,0.95,brand_cat3,813.15,535.0,Ozon,463.3333333333333,534.0,True,534.0,0.3432945950931562
Clarins,19000194276,"CLARINS Помада д/губ Joli rouge Retail reno 705 3,5гр",Макияж,Губы,Помада для губ,,Люкс,1446,,2404.0,2369.0,,,,,,2747.0,2578.0,1.03,brand,2935.3800000000006,2369.0,rivegauche.ru,1606.6666666666665,2368.0,True,2368.0,0.1932901362004239
Clarins,19000194288,"CLARINS Помада д/губ Joli rouge Retail reno 757 3,5гр",Макияж,Губы,Помада для губ,,Люкс,1446,,2544.0,2369.0,2474.0,,,,2613.0,2911.0,2578.0,1.03,brand,2935.3800000000006,2369.0,rivegauche.ru,1606.6666666666665,2368.0,True,2368.0,0.1932901362004239
Clarins,19000149506,Clarins Гель д/душа Eau Des Jardins 200мл,Уход,Уход за телом,Для ванны и душа,Гель для душа,Люкс,1023,,1700.0,1750.0,1733.0,,,,1700.0,2146.0,1676.0,1.03,brand,2076.69,1676.0,visagehall.ru,1136.6666666666667,1675.0,True,1675.0,0.19342800321665732
Clarins,15022500041,Clarins SUN Маска д/лица и тела после загара успокаивающая 100мл,Уход,Солнечная серия/авто загары,После загара,,Люкс,1456,,2386.0,2631.0,2417.0,,,,2631.0,2988.0,2448.0,1.04,brand_cat3,2970.2400000000002,2386.0,iledebeaute.ru,1617.7777777777778,2385.0,True,2385.0,0.1970345830639949
Clarins,19000036410,"CLARINS Гель для повышения упругости кожи живота, бедер и рук Body Firming, 150мл",Уход,Уход за телом,Антицеллюлитная серия/коррекция фигуры,,Люкс,2447,,4010.0,4370.0,4267.0,,,,4113.0,5142.0,4320.0,0.86,brand_cat3,4551.42,4010.0,iledebeaute.ru,2718.8888888888887,4009.0,True,4009.0,0.11917599342622742
Clarins,19000279533,CLARINS Лосьон д/снятия водостойкого макияжа Demaquillant Express Yeux 125мл,Уход,Уход за лицом,Тоники-лосьоны-тонеры,,Люкс,1146,,1961.0,1961.0,1988.0,,,,1905.0,2405.0,1878.0,0.85,brand_cat3,2120.1,1878.0,visagehall.ru,1273.3333333333333,1877.0,True,1877.0,0.11466440262251776
Clarins,19000004399,"CLARINS Сыворотка д/глаз,способствующая сокращению отеков V Shaping Facial Lift 15мл",Уход,Уход за лицом,Средства для век,,Люкс,2973,,5122.0,4935.0,5247.0,,,,4872.0,6100.0,5060.0,1.08,brand_cat3,6183.84,4872.0,lamoda.ru,3303.333333333333,4871.0,True,4871.0,0.21230174131284119
Clarins,19000283287,"Clarins Помада д/губ Joli Rouge 787 3,5гр",Макияж,Губы,Помада для губ,,Люкс,1658,,2997.0,2997.0,2788.0,,,,2718.0,3526.0,2788.0,1.03,brand,3365.7400000000002,2718.0,lamoda.ru,1842.2222222222222,2717.0,True,2717.0,0.19274810294318645
Clarins,19000181011,CLARINS Блеск д/губ Perfector 24 12мл,Макияж,Губы,Блеск для губ,,Люкс,647,,1170.0,1061.0,1170.0,,,,1061.0,,1084.0,0.92,brand_cat3,1242.24,1061.0,rivegauche.ru,718.8888888888889,1060.0,True,1060.0,0.14670273055126226
Clarins,19000279542,Clarins Молочко-спрей д/тела солнцезащитное SPF50+ Lacte 150мл,Уход,Солнечная серия/авто загары,Солнцезащитные средства,Защита от 41 до 50 SPF,Люкс,1412,,2383.0,,,,,,2316.0,2804.0,2350.0,1.03,brand,2866.36,2316.0,lamoda.ru,1568.888888888889,2315.0,True,2315.0,0.19235546128190462
Vivienne Sabo,19000005907,"Vivienne Sabo Консилер д/лица Retouche 03 3,5мл",Макияж,Лицо,Корректор/консилер,,Массмаркет,186,249.0,245.0,275.0,270.0,278.0,239.0,293.0,299.0,,243.0,0.6,brand_cat3,297.6,239.0,MagnitMarket,206.66666666666666,238.0,True,238.0,0.20026881720430112
Clarins,19000149518,Clarins Молочко д/тела Eau Dynamisante 200мл,Уход,Уход за телом,Молочко для тела,,Люкс,1519,,2492.0,2745.0,2672.0,,,,2564.0,2890.0,2529.0,0.86,brand_cat3,2825.3399999999997,2492.0,iledebeaute.ru,1687.7777777777778,2491.0,True,2491.0,0.11833620024492619
Clarins,15020100150,Кларанс Масло д/тела Релакс 100мл,Уход,Уход за телом,Масла,,Люкс,1895,,3109.0,3162.0,3162.0,,,,3320.0,3844.0,3372.0,1.24,brand_cat3,4244.8,3109.0,iledebeaute.ru,2105.5555555555557,3108.0,True,3108.0,0.26781002638522433
Clarins,19000440495,CLARINS Сыворотка д/лица Multi-active glow 30мл,Уход,Уход за лицом,Сыворотки,,Люкс,3069,,,5036.0,5546.0,,,,,,,0.88,brand_cat3,5769.719999999999,5036.0,rivegauche.ru,3410.0,5035.0,True,5035.0,0.12734066817800505
Clarins,19000000353,CLARINS Эмульсия д/чувствительной кожи увлажняющая 50мл,Уход,Уход за лицом,Основной уход,Эмульсии,Люкс,1974,,3474.0,3427.0,3242.0,,,,,4196.0,3428.0,1.03,brand,4007.2200000000007,3242.0,Ozon,2193.3333333333335,3241.0,True,3241.0,0.19120986619152447
Vivienne Sabo,19000413128,"Vivienne Sabo Пудра д/лица Mattriarcat 04 7,5гр",Макияж,Лицо,Пудра_лицо,Компактная пудра,Массмаркет,171,243.0,220.0,247.0,562.0,,,,,,,0.59,brand,271.89,220.0,iledebeaute.ru,190.0,219.0,True,219.0,0.19452719849939315
Clarins,19000200496,Clarins База под макияж Pink SOS Primer 30мл,Макияж,Лицо,Праймер/база_лицо,,Люкс,1717,,2821.0,2997.0,,,,,2927.0,,2822.0,1.21,brand_cat3,3794.57,2821.0,iledebeaute.ru,1907.7777777777778,2820.0,True,2820.0,0.25683279001309767
Clarins,19000013037,CLARINS Крем тональный увлажняющий с матовым покрытием Skin Illusion Velvet 101W 30мл,Макияж,Лицо,Тональные основы,Жидкие тональные основы,Люкс,2152,,3801.0,3536.0,,,,,3889.0,4368.0,,1.03,brand,4368.56,3536.0,rivegauche.ru,2391.111111111111,3535.0,True,3535.0,0.1908088706576081
Clarins,14017400003,Clarins Кисть для тонального крема PINCEAU FOND DE TEINT 1шт.,Макияж,Кисти/спонжи,Кисти,,Люкс,1303,,2141.0,2168.0,2275.0,,,,2355.0,2583.0,2169.0,0.96,brand_cat3,2553.88,2141.0,iledebeaute.ru,1447.7777777777778,2140.0,True,2140.0,0.16205929800930352
Clarins,19000279525,Clarins Крем д/лица против морщин солнцезащитный SPF30 Jeunesse 50мл,Уход,Солнечная серия/авто загары,Солнцезащитные средства,Защита от 21 до 30 SPF,Люкс,1303,,,2264.0,2172.0,,,,,,2142.0,1.03,brand,2645.09,2142.0,visagehall.ru,1447.7777777777778,2141.0,True,2141.0,0.19057574600486193
Clarins,19000459512,CLARINS Набор д/лица Double serum 50мл+15мл+15мл+5мл,Уход,Наборы_уход,Подарочные наборы_уход,,Люкс,5735,,,9432.0,,,,,,,,0.97,brand_cat2,11297.95,9432.0,rivegauche.ru,6372.222222222222,9431.0,True,9431.0,0.1652467925597122
Clarins,19000299774,"Clarins Бальзам д/губ Oil 04 2,9гр",Макияж,Губы,Бальзам для губ_макияж,,Люкс,1402,,2391.0,2334.0,2306.0,,,,,,2420.0,1.03,brand,2846.0600000000004,2306.0,Ozon,1557.7777777777778,2305.0,True,2305.0,0.19010843060230642
Clarins,14012900006,"Clarins Карандаш для глаз автоматический водостойкий Waterproof Pencil 0,29г тон 05",Макияж,Глаза,Карандаш для глаз,,Люкс,935,,1538.0,1603.0,1625.0,,,,1646.0,1836.0,1626.0,0.92,brand_cat3,1795.2,1538.0,iledebeaute.ru,1038.888888888889,1537.0,True,1537.0,0.14382798573975042
Clarins,19000279534,CLARINS Лосьон д/снятия макияжа Demaquillant Douceur Yeux 125мл,Уход,Уход за лицом,Тоники-лосьоны-тонеры,,Люкс,961,,,,1581.0,,,,,1921.0,1711.0,0.85,brand_cat3,1777.8500000000001,1581.0,Ozon,1067.7777777777778,1580.0,True,1580.0,0.11128610400202499
Clarins,19000036413,"CLARINS Лосьон способствующий сокращению пигментации тонизирующий BRIGHT PLUS, 200мл",Уход,Уход за лицом,Тоники-лосьоны-тонеры,,Люкс,1632,,2950.0,2751.0,,,,,2817.0,3198.0,2685.0,0.85,brand_cat3,3019.2000000000003,2685.0,visagehall.ru,1813.3333333333333,2684.0,True,2684.0,0.1110227874933758
Clarins,14012200005,Clarins Тушь д/ресниц водостойкаяф с эффектом 4D Wonder Perfect Mascara black 8мл,Макияж,Глаза,Тушь для ресниц,Тушь,Люкс,1197,,2164.0,2034.0,2067.0,,,,1970.0,,1970.0,1.03,brand,2429.9100000000003,1970.0,lamoda.ru,1330.0,1969.0,True,1969.0,0.1896819223757259
Clarins,19000327180,Clarins Сыворотка д/лица Double Serum Complete Age-Defying 75мл,Уход,Уход за лицом,Сыворотки,,Люкс,6985,,11500.0,,,,,,,,,0.88,brand_cat3,13131.8,11500.0,iledebeaute.ru,7761.111111111111,11499.0,True,11499.0,0.12433938987800597
Clarins,14022600002,Clarins Консилер против темных кругов Instant 02 15мл,Макияж,Лицо,Корректор/консилер,,Люкс,1608,,2777.0,2842.0,2745.0,,,,2648.0,3420.0,3382.0,1.1,brand_cat3,3376.8,2648.0,lamoda.ru,1786.6666666666665,2647.0,True,2647.0,0.2161217720919214
Clarins,14012900005,"Clarins Карандаш для глаз автоматический водостойкий Waterproof Pencil 0,29г тон 04",Макияж,Глаза,Карандаш для глаз,,Люкс,671,,1148.0,1213.0,1105.0,,,,1126.0,1377.0,1105.0,0.92,brand_cat3,1288.32,1105.0,Ozon,745.5555555555555,1104.0,True,1104.0,0.1430700447093889
Clarins,19000200488,"Clarins Тени д/век Четырехцветные Ombre 4 Couleurs 09 4,2гр",Макияж,Глаза,Тени для век,Прессованные тени,Люкс,2243,,3919.0,3874.0,3919.0,,,,3694.0,4664.0,3784.0,1.03,brand,4553.290000000001,3694.0,lamoda.ru,2492.222222222222,3693.0,True,3693.0,0.1889381084885875
Clarins,15020100095,Кларанс Гель д/умывания 125мл муж.,Уход,Уход за лицом,Очищение/демакияж,Гель для умывания,Люкс,1207,,2099.0,1988.0,2016.0,,,,2043.0,2470.0,2155.0,1.03,brand,2450.2100000000005,1988.0,rivegauche.ru,1341.111111111111,1987.0,True,1987.0,0.1890491019137137
Clarins,19000033373,"CLARINS Крем-гель против первых морщин и темных кругов под глазами Total Eye Revive, 15мл",Уход,Уход за лицом,Средства для век,,Люкс,1775,,3113.0,3207.0,2924.0,,,,3113.0,3607.0,3066.0,1.08,brand_cat3,3692.0,2924.0,Ozon,1972.2222222222222,2923.0,True,2923.0,0.20828819068255688
Clarins,19000194311,"CLARINS Рефил помады д/губ Joli rouge Retail reno 731 3,5гр",Макияж,Губы,Помада для губ,,Люкс,1021,,1799.0,1682.0,,,,,,,,1.03,brand,2072.63,1682.0,rivegauche.ru,1134.4444444444443,1681.0,True,1681.0,0.1889531657845347
Clarins,19000399415,"CLARINS Рефил помады д/губ Joli Rouge 768V 3,5гр",Макияж,Губы,Помада для губ,Помада матовая,Люкс,737,,,1215.0,,,,,,,,1.03,brand,1496.1100000000001,1215.0,rivegauche.ru,818.8888888888889,1214.0,True,1214.0,0.18856233833073777
Clarins,19000217068,Clarins Гель д/лица Матирующий Проблемная кожа 50мл,Уход,Уход за лицом,Основной уход,Гель для лица,Люкс,1110,,1855.0,1880.0,1905.0,,,,,,1830.0,1.03,brand,2253.3,1830.0,visagehall.ru,1233.3333333333333,1829.0,True,1829.0,0.1883016020947056
Clarins,19000194277,"CLARINS Помада д/губ Joli rouge Retail reno 705S 3,5гр",Макияж,Губы,Помада для губ,,Люкс,1099,,1916.0,1951.0,1951.0,,,,1881.0,2091.0,1812.0,1.03,brand,2230.9700000000003,1812.0,visagehall.ru,1221.111111111111,1811.0,True,1811.0,0.18824547170065054
Clarins,19000264369,Clarins Крем-маска д/лица Hydra-Essentiel 75мл,Уход,Уход за лицом,Уход за лицом _маски,Увлажнение и питание,Люкс,1509,,2529.0,2568.0,2489.0,,,,2687.0,3162.0,,1.03,brand,3063.2700000000004,2489.0,Ozon,1676.6666666666665,2488.0,True,2488.0,0.18779604801405048
Clarins,19000149517,Clarins Крем д/тела Eau Ressourcante 200мл,Уход,Уход за телом,Крем для тела,,Люкс,1379,,2275.0,2420.0,2492.0,,,,2420.0,2635.0,2276.0,1.06,brand_cat3,2840.7400000000002,2275.0,iledebeaute.ru,1532.2222222222222,2274.0,True,2274.0,0.1995043544991798
Clarins,19000013044,Clarins Крем тональный увлажняющий с матовым покрытием Skin Illusion Velvet 108W 30мл,Макияж,Лицо,Тональные основы,Жидкие тональные основы,Люкс,1687,,,2784.0,,,,,2961.0,3432.0,3005.0,1.03,brand,3424.6100000000006,2784.0,rivegauche.ru,1874.4444444444443,2783.0,True,2783.0,0.18735272045576
Clarins,19000033375,"CLARINS Крем дневной питательный антивозрастной корректирующий желтоватый тон кожи, 50мл",Уход,Уход за лицом,Основной уход,Крем для лица,Люкс,5696,,9911.0,10292.0,10038.0,,,,9403.0,11511.0,10293.0,1.03,brand,11562.880000000001,9403.0,lamoda.ru,6328.888888888889,9402.0,True,9402.0,0.18688077710743356
Clarins,14033300002,Clarins Тушь для ресниц увеличивающая объем Mascara Supra Volume 8мл тон 02,Макияж,Глаза,Тушь для ресниц,Тушь,Люкс,1465,,2648.0,2422.0,2454.0,,,,2454.0,2964.0,2584.0,1.03,brand,2973.9500000000003,2422.0,rivegauche.ru,1627.7777777777778,2421.0,True,2421.0,0.18593116898401119
Vivienne Sabo,19000441680,Vivienne Sabo Палетка теней д/век Croissant 04 4гр,Макияж,Глаза,Палетки_глаза,,Массмаркет,227,,326.0,332.0,294.0,351.0,,,,,,0.56,brand_cat3,354.12,294.0,Ozon,252.22222222222223,293.0,True,293.0,0.1725968598215294
Clarins,14019300003,Clarins Блеск для губ Eclat Minute 12мл тон 05 Candy shimmer,Макияж,Губы,Блеск для губ,,Люкс,851,,1408.0,1451.0,1408.0,,,,1430.0,,,0.92,brand_cat3,1633.9199999999998,1408.0,iledebeaute.ru,945.5555555555555,1407.0,True,1407.0,0.1388807285546415
Clarins,19000459494,CLARINS Набор Double serum 50мл+2*15мл+5мл,Уход,Наборы_уход,Подарочные наборы_уход,,Люкс,5348,,,8850.0,,,,,,,,0.97,brand_cat2,10535.56,8850.0,rivegauche.ru,5942.222222222222,8849.0,True,8849.0,0.16008261544711433
Clarins,19000013032,CLARINS Сыворотка д/глаз комплексная омолаживающая двойная 20мл,Уход,Уход за лицом,Сыворотки,,Люкс,3591,,6021.0,6412.0,6412.0,,,,5943.0,7176.0,6412.0,0.88,brand_cat3,6751.08,5943.0,lamoda.ru,3990.0,5942.0,True,5942.0,0.11984452857913108
Clarins,19760335000,Clarins Гель д/устранения следов усталости под глазами 15мл,Уход,Уход за лицом,Основной уход,Гель для лица,Люкс,2015,,3511.0,3598.0,3337.0,,,,3641.0,3927.0,3554.0,1.03,brand,4090.4500000000007,3337.0,Ozon,2238.8888888888887,3336.0,True,3336.0,0.1844418095808531
Clarins,14024300002,Clarins ВВ-флюид с эффектом детокса SPF25 45мл тон 01 Skin Detox Fluid,Макияж,Лицо,ВВ/СС средства,,Люкс,1298,,2189.0,2150.0,2150.0,,,,2228.0,2392.0,2150.0,0.97,brand_cat3,2557.06,2150.0,rivegauche.ru,1442.2222222222222,2149.0,True,2149.0,0.1595817071167669
Clarins,19000000356,CLARINS Флюид-экран д/лица увлажняющий защитный SPF50 30мл,Уход,Уход за лицом,Основной уход,Флюид,Люкс,2079,,3491.0,3580.0,3491.0,,,,3447.0,4004.0,3668.0,1.03,brand,4220.370000000001,3447.0,lamoda.ru,2310.0,3446.0,True,3446.0,0.18348391254795215
Clarins,19000164827,Clarins Крем д/ Hydra-Essentiel Rich 50мл,Уход,Уход за лицом,Основной уход,Крем для лица,Люкс,2159,,3580.0,3580.0,3626.0,,,,3672.0,4212.0,3855.0,1.03,brand,4382.77,3580.0,iledebeaute.ru,2398.8888888888887,3579.0,True,3579.0,0.1833931509068467
Clarins,15022000001,Clarins Крем д/ног Jeunesse des Pieds 125мл,Уход,Уход за ногами,Крем для ног,,Люкс,961,,,1689.0,1618.0,,,,1594.0,,1689.0,1.01,brand_cat3,1931.61,1594.0,lamoda.ru,1067.7777777777778,1593.0,True,1593.0,0.17529936167238724
Clarins,19000036415,"CLARINS Скраб для тела тонизирующий сахарный TONIC, 250гр",Уход,Уход за телом,Скраб-пилинг для тела,,Люкс,2063,,3424.0,3424.0,3554.0,,,,3554.0,4131.0,3424.0,1.13,brand_cat3,4394.19,3424.0,iledebeaute.ru,2292.222222222222,3423.0,True,3423.0,0.221016842694558
Clarins,19000120101,CLARINS Бронзер Ever Vente 03 10гр,Макияж,Лицо,Бронзер,,Люкс,2063,,3728.0,3728.0,,,,,3468.0,,3424.0,1.07,brand_cat3,4270.410000000001,3424.0,visagehall.ru,2292.222222222222,3423.0,True,3423.0,0.19843762074367577
Clarins,19000033371,"CLARINS Гель для устранения следов усталости вокруг глаз охлаждающий  Total Eye Contour Gel, 20мл",Уход,Уход за лицом,Средства для век,,Люкс,1962,,3421.0,3503.0,3297.0,,,,3503.0,4025.0,3257.0,1.08,brand_cat3,4080.96,3257.0,visagehall.ru,2180.0,3256.0,True,3256.0,0.20214851407511958
Clarins,19000412903,CLARINS Пигмент д/губ Water Lip Stain 03 7мл,Макияж,Губы,Тинт/пигмент,,Люкс,1274,,2168.0,2302.0,,,,,,,2115.0,0.91,brand_cat3,2433.34,2115.0,visagehall.ru,1415.5555555555554,2114.0,True,2114.0,0.13123525688970716
Clarins,19000299778,"Clarins Тени д/век насыщенные Ombre Skin 07 1,5гр",Макияж,Глаза,Тени для век,Прессованные тени,Люкс,1289,,,2221.0,2141.0,,,,,,2303.0,1.03,brand,2616.6700000000005,2141.0,Ozon,1432.2222222222222,2140.0,True,2140.0,0.182166646921469
Clarins,19000283311,Clarins Футляр д/помады Joli Rouge Розовое золото,Макияж,Аксессуары_макияж,Аксессуары,Футляры/кейсы/палитры,Люкс,511,,,849.0,,,,,,,,1.03,brand,1037.3300000000002,849.0,rivegauche.ru,567.7777777777777,848.0,True,848.0,0.1825166533311483
Clarins,14012900004,"Clarins Карандаш для глаз автоматический водостойкий Waterproof Pencil 0,29г тон 03",Макияж,Глаза,Карандаш для глаз,,Люкс,1043,,1733.0,1755.0,1755.0,,,,1733.0,2193.0,1842.0,0.92,brand_cat3,2002.56,1733.0,iledebeaute.ru,1158.888888888889,1732.0,True,1732.0,0.13510706295941188
Clarins,19000013034,CLARINS Крем тональный увлажняющий с матовым покрытием Skin Illusion Velvet 100.3N 30мл,Макияж,Лицо,Тональные основы,Жидкие тональные основы,Люкс,2128,,3801.0,3536.0,3845.0,,,,3580.0,4264.0,3757.0,1.03,brand,4319.84,3536.0,rivegauche.ru,2364.4444444444443,3535.0,True,3535.0,0.18168265491314495
Clarins,19000417180,CLARINS Крем д/лица Fresh scrub 50мл,Уход,Уход за лицом,Основной уход,Крем для лица,Люкс,991,,,1647.0,,,,,,,1762.0,1.03,brand,2011.7300000000002,1647.0,rivegauche.ru,1101.111111111111,1646.0,True,1646.0,0.1817987503293187
Clarins,19000181010,CLARINS Блеск д/губ Perfector 23 12мл,Макияж,Губы,Блеск для губ,,Люкс,899,,1538.0,1495.0,1603.0,,,,1516.0,1810.0,1495.0,0.92,brand_cat3,1726.08,1495.0,rivegauche.ru,998.8888888888889,1494.0,True,1494.0,0.13445494994438256
Clarins,19000181009,CLARINS Блеск д/губ Perfector 21 12мл,Макияж,Губы,Блеск для губ,,Люкс,1055,,1906.0,1755.0,1776.0,,,,1863.0,2065.0,1842.0,0.92,brand_cat3,2025.6,1755.0,rivegauche.ru,1172.2222222222222,1754.0,True,1754.0,0.13408372827804105
Clarins,14017400007,Clarins Кисть для теней PINCEAU FARDS A PAUPIERES 1шт.,Макияж,Кисти/спонжи,Кисти,,Люкс,693,,1153.0,1203.0,1178.0,,,,,1445.0,1254.0,0.96,brand_cat3,1358.28,1153.0,iledebeaute.ru,770.0,1152.0,True,1152.0,0.15186853962364166
Vivienne Sabo,19760308867,Vivienne Sabo Масло д/губ Dessert a levres 03 3мл,Макияж,Губы,Масло для губ_макияж,,Массмаркет,221,300.0,297.0,305.0,288.0,330.0,,,,,321.0,0.59,brand,351.39,288.0,Ozon,245.55555555555554,287.0,True,287.0,0.18324368934801782
Clarins,19000378753,CLARINS Сыворотка д/лица Bright Plus Advanced 150мл,Уход,Уход за лицом,Сыворотки,,Люкс,2270,,,3777.0,,,,,,,,0.88,brand_cat3,4267.599999999999,3777.0,rivegauche.ru,2522.222222222222,3776.0,True,3776.0,0.11519355141062881
Clarins,19000181012,CLARINS Блеск д/губ Perfector 25 12мл,Макияж,Губы,Блеск для губ,,Люкс,911,,,1516.0,1603.0,,,,1516.0,,1582.0,0.92,brand_cat3,1749.12,1516.0,rivegauche.ru,1012.2222222222222,1515.0,True,1515.0,0.13385016465422606
Vivienne Sabo,19000413118,"Vivienne Sabo Помада-бальзам д/губ Lala laque 04 2,5гр",Макияж,Губы,Помада для губ,Помада увлажняющая,Массмаркет,303,453.0,432.0,444.0,1111.0,395.0,,,,,,0.59,brand,481.77,395.0,Wildberries,336.6666666666667,394.0,True,394.0,0.18218236918031427
Clarins,19000036409,Clarins Гармонизирующая вода Eau Extraordinaire 100мл,Уход,Уход за лицом,Основной уход,Косметическая вода,Люкс,2072,,3575.0,3449.0,3533.0,,,,3744.0,4108.0,3745.0,1.03,brand,4206.160000000001,3449.0,rivegauche.ru,2302.222222222222,3448.0,True,3448.0,0.1802499191661755
Clarins,19000013027,CLARINS Пудра компактная матирующая Ever Matte 02 10гр,Макияж,Лицо,Пудра_лицо,Компактная пудра,Люкс,2135,,3858.0,3814.0,3684.0,,,,3771.0,4284.0,3554.0,1.03,brand,4334.05,3554.0,visagehall.ru,2372.222222222222,3553.0,True,3553.0,0.1802125033167592
Clarins,19000164821,Clarins Крем д/тела Masvelt Advanced 200мл,Уход,Уход за телом,Крем для тела,,Люкс,2658,,4587.0,4479.0,4425.0,,,,4479.0,5334.0,4480.0,1.06,brand_cat3,5475.4800000000005,4425.0,Ozon,2953.3333333333335,4424.0,True,4424.0,0.19203430566817892
Clarins,19000200487,"Clarins Тени д/век Четырехцветные Ombre 4 Couleurs 08 4,2гр",Макияж,Глаза,Тени для век,Прессованные тени,Люкс,2218,,3964.0,3874.0,3694.0,,,,3964.0,4717.0,3874.0,1.03,brand,4502.540000000001,3694.0,Ozon,2464.4444444444443,3693.0,True,3693.0,0.17979629275919828
Clarins,19000283291,"Clarins Рефил помады д/губ Joli Rouge 786 3,5гр",Макияж,Губы,Помада для губ,,Люкс,996,,,1659.0,,,,,,,,1.03,brand,2021.8800000000003,1659.0,rivegauche.ru,1106.6666666666667,1658.0,True,1658.0,0.17997111599105797
Clarins,19000156990,CLARINS Крем-гель д/лица Bright Plus 50мл,Уход,Уход за лицом,Основной уход,Крем для лица,Люкс,2018,,3478.0,3478.0,3366.0,,,,3646.0,3762.0,3646.0,1.03,brand,4096.540000000001,3366.0,Ozon,2242.222222222222,3365.0,True,3365.0,0.17857509019806972
Clarins,19000200497,Clarins База под макияж Peach SOS Primer 30мл,Макияж,Лицо,Праймер/база_лицо,,Люкс,1268,,2222.0,2116.0,2257.0,,,,2186.0,,2293.0,1.21,brand_cat3,2802.2799999999997,2116.0,rivegauche.ru,1408.888888888889,2115.0,True,2115.0,0.2452574332329388
Vivienne Sabo,19000413122,"Vivienne Sabo Помада-бальзам д/губ Lala laque 08 2,5гр",Макияж,Губы,Помада для губ,Помада увлажняющая,Массмаркет,501,740.0,754.0,748.0,1907.0,655.0,,,,,,0.59,brand,796.5899999999999,655.0,Wildberries,556.6666666666666,654.0,True,654.0,0.17900048958686388
Clarins,19000033372,"CLARINS Маска-бальзам для кожи вокруг глаз увлажняющая Total Eye Hydrate, 20мл",Уход,Уход за лицом,Средства для век,,Люкс,1672,,,,,,,,,,2792.0,1.08,brand_cat3,3477.76,2792.0,visagehall.ru,1857.7777777777778,2791.0,True,2791.0,0.1974719359587781
Clarins,19000258580,Clarins Тоник д/лица Матирующий My Clarins 200мл,Уход,Уход за лицом,Тоники-лосьоны-тонеры,,Люкс,903,,1509.0,1570.0,,,,,1591.0,,1530.0,0.85,brand_cat3,1670.5500000000002,1509.0,iledebeaute.ru,1003.3333333333333,1508.0,True,1508.0,0.0973032833497951
Clarins,19000200489,"Clarins Тени д/век насыщенные Ombre Skin тон 01 1,5гр",Макияж,Глаза,Тени для век,Прессованные тени,Люкс,1200,,2168.0,2034.0,2007.0,,,,2141.0,2457.0,2088.0,1.03,brand,2436.0000000000005,2007.0,Ozon,1333.3333333333333,2006.0,True,2006.0,0.1765188834154353
Clarins,19760334996,Clarins Тоник д/комбинированной и жирной кожи очищающий 200мл,Уход,Уход за лицом,Тоники-лосьоны-тонеры,,Люкс,1143,,2014.0,2040.0,1912.0,,,,1963.0,2400.0,2065.0,0.85,brand_cat3,2114.55,1912.0,Ozon,1270.0,1911.0,True,1911.0,0.09626161594665539
Clarins,19000459499,CLARINS Набор в косметичке Baume corps super hydratant 200мл+2*30мл,Уход,Наборы_уход,Подарочные наборы_уход,,Люкс,1991,,3337.0,3598.0,,,,,,,,0.97,brand_cat2,3922.27,3337.0,iledebeaute.ru,2212.222222222222,3336.0,True,3336.0,0.14947211691189033
Clarins,19000013031,CLARINS Пудра рассыпчатая матирующая Ever Matte 02 15гр,Макияж,Лицо,Пудра_лицо,Рассыпчатая пудра,Люкс,1655,,2991.0,2861.0,2947.0,,,,2817.0,3162.0,2774.0,1.03,brand,3359.6500000000005,2774.0,visagehall.ru,1838.888888888889,2773.0,True,2773.0,0.17461640349441176
Clarins,19000444868,CLARINS Рефил лифтинга-концентрата д/кожи вокруг глаз Total lift 15мл,Уход,Уход за лицом,Средства для век,,Люкс,2889,,,4843.0,,,,,,,,1.08,brand_cat3,6009.12,4843.0,rivegauche.ru,3210.0,4842.0,True,4842.0,0.19422477833692786
Clarins,19000459503,CLARINS Набор в косметичке Hydra essentiel 50мл+15мл+7мл,Уход,Наборы_уход,Подарочные наборы_уход,,Люкс,2108,,,3534.0,,,,,,,,0.97,brand_cat2,4152.76,3534.0,rivegauche.ru,2342.222222222222,3533.0,True,3533.0,0.14924050510985465
Clarins,19000283289,"Clarins Помада д/губ Joli Rouge 789 3,5гр",Макияж,Губы,Помада для губ,,Люкс,1330,,2369.0,2230.0,2369.0,,,,2300.0,2706.0,2230.0,1.03,brand,2699.9000000000005,2230.0,rivegauche.ru,1477.7777777777778,2229.0,True,2229.0,0.17441386718026608
Clarins,19000120097,CLARINS Крем д/лица Multi-Intensive Ночной 50мл,Уход,Уход за лицом,Основной уход,Крем для лица,Люкс,7153,,11994.0,12227.0,12227.0,,,,12460.0,15207.0,11994.0,1.03,brand,14520.590000000002,11994.0,iledebeaute.ru,7947.777777777777,11993.0,True,11993.0,0.17406937321417393
Clarins,15022500035,Крем солнцезащитный д/тела SPF50+ 150м,Уход,Солнечная серия/авто загары,Солнцезащитные средства,Защита от 41 до 50 SPF,Люкс,1021,,1812.0,1812.0,,,,,1779.0,,1712.0,1.03,brand,2072.63,1712.0,visagehall.ru,1134.4444444444443,1711.0,True,1711.0,0.17447880229466917
Clarins,19000120099,CLARINS Бронзер Ever Vente 01 10гр,Макияж,Лицо,Бронзер,,Люкс,2662,,4465.0,4465.0,,,,,4811.0,,4681.0,1.07,brand_cat3,5510.340000000001,4465.0,iledebeaute.ru,2957.777777777778,4464.0,True,4464.0,0.18988664946264677
Vivienne Sabo,19000128403,Vivienne Sabo Блеск д/губ Tropique 11 3мл,Макияж,Губы,Блеск для губ,,Массмаркет,121,,,159.0,,,,,,,,0.38,brand_cat3,166.98,159.0,rivegauche.ru,134.44444444444443,158.0,True,158.0,0.05377889567612881
Clarins,19000399409,"CLARINS Помада д/губ Joli Rouge 759V 3,5гр",Макияж,Губы,Помада для губ,Помада матовая,Люкс,1620,,,2718.0,,,,,,,2927.0,1.03,brand,3288.6000000000004,2718.0,rivegauche.ru,1800.0,2717.0,True,2717.0,0.17381256461716243
Clarins,19000036412,"CLARINS Крем для тела питательный Eau Extraordinaire, 200мл",Уход,Уход за телом,Крем для тела,,Люкс,1679,,2817.0,3034.0,3034.0,,,,,3272.0,2890.0,1.06,brand_cat3,3458.7400000000002,2817.0,iledebeaute.ru,1865.5555555555554,2816.0,True,2816.0,0.1858306782238619
Clarins,19000013026,CLARINS Пудра компактная матирующая Ever Matte 01 10гр,Макияж,Лицо,Пудра_лицо,Компактная пудра,Люкс,2015,,3381.0,3554.0,3554.0,,,,3554.0,3927.0,3598.0,1.03,brand,4090.4500000000007,3381.0,iledebeaute.ru,2238.8888888888887,3380.0,True,3380.0,0.1736850468774831
Clarins,14035100003,"Clarins Подводка д/глаз фломастер Graphik Ink Liner 01 0,4мл",Макияж,Глаза,Подводки,Маркеры,Люкс,1323,,2391.0,2277.0,2220.0,,,,2334.0,2680.0,2249.0,1.03,brand,2685.6900000000005,2220.0,Ozon,1470.0,2219.0,True,2219.0,0.17376912450804094
Clarins,19000396911,CLARINS Спрей д/тела SPF50 Brume Embellissante 150мл,Уход,Солнечная серия/авто загары,Солнцезащитные средства,Защита от 41 до 50 SPF,Люкс,2099,,3659.0,3591.0,3524.0,,,,,,,1.03,brand,4260.97,3524.0,Ozon,2332.222222222222,3523.0,True,3523.0,0.17319295841087834
Clarins,14012200003,Clarins Тушь для ресниц с эффектом 4D Wonder Perfect Mascara 8мл тон 01,Макияж,Глаза,Тушь для ресниц,Тушь,Люкс,1519,,2648.0,2680.0,2648.0,,,,2584.0,3078.0,2551.0,1.03,brand,3083.57,2551.0,visagehall.ru,1687.7777777777778,2550.0,True,2550.0,0.17303644801317952
Clarins,15022400008,Кларанс Гель д/лица и тела после загара освежающий 150мл,Уход,Солнечная серия/авто загары,После загара,,Люкс,1439,,2570.0,2570.0,,,,,2570.0,,2417.0,1.04,brand_cat3,2935.56,2417.0,visagehall.ru,1598.888888888889,2416.0,True,2416.0,0.17698837700472825
Clarins,19000000358,CLARINS Концентрат д/тела с эффектом загара 30мл,Уход,Солнечная серия/авто загары,Авто загар,,Люкс,2574,,4610.0,4324.0,4324.0,,,,4365.0,5280.0,4406.0,1.07,brand_cat3,5328.18,4324.0,rivegauche.ru,2860.0,4323.0,True,4323.0,0.18865353647962346
Clarins,19000194290,"CLARINS Помада д/губ Joli rouge Retail reno 758S 3,5гр",Макияж,Губы,Помада для губ,,Люкс,1658,,2962.0,2997.0,,,,,,3403.0,2788.0,1.03,brand,3365.7400000000002,2788.0,visagehall.ru,1842.2222222222222,2787.0,True,2787.0,0.1719502991912626
Clarins,19000194309,"CLARINS Рефил помады д/губ Joli rouge Retail reno 705S 3,5гр",Макияж,Губы,Помада для губ,,Люкс,1125,,1892.0,1892.0,,,,,,,,1.03,brand,2283.7500000000005,1892.0,iledebeaute.ru,1250.0,1891.0,True,1891.0,0.17197591680350321
Clarins,19000373903,CLARINS Крем д/лица SPF25 02 40мл,Макияж,Лицо,Тональные основы,Жидкие тональные основы,Люкс,1255,,,2111.0,,,,,,,2150.0,1.03,brand,2547.65,2111.0,rivegauche.ru,1394.4444444444443,2110.0,True,2110.0,0.17178576335053874
Clarins,19760314693,"Clarins Тени д/век четырехцветные Ombre 4 Couleurs 01 4,2гр",Макияж,Глаза,Тени для век,Прессованные тени,Люкс,2892,,5090.0,5045.0,4955.0,,,,4865.0,5777.0,5090.0,1.03,brand,5870.760000000001,4865.0,lamoda.ru,3213.333333333333,4864.0,True,4864.0,0.1714871669085435
Clarins,19000000354,CLARINS Гель д/чувствительной кожи успокаивающий 30мл,Уход,Уход за лицом,Основной уход,Гель для лица,Люкс,2128,,3712.0,3613.0,,,,,3580.0,,3779.0,1.03,brand,4319.84,3580.0,lamoda.ru,2364.4444444444443,3579.0,True,3579.0,0.17149709248490685
Clarins,19000298297,Clarins База под макияж Светоотражающие частицы 30мл,Макияж,Лицо,Праймер/база_лицо,,Люкс,1304,,,2196.0,,,,,,,,1.21,brand_cat3,2881.84,2196.0,rivegauche.ru,1448.888888888889,2195.0,True,2195.0,0.23833384226744025
Clarins,19000444866,CLARINS Лифтинг-концентрат д/кожи вокруг глаз Total lift 15мл,Уход,Уход за лицом,Средства для век,,Люкс,5162,,8695.0,9011.0,9090.0,,,,,10695.0,9327.0,1.08,brand_cat3,10736.960000000001,8695.0,iledebeaute.ru,5735.555555555556,8694.0,True,8694.0,0.1902735969957977
Vivienne Sabo,19000413116,"Vivienne Sabo Помада-бальзам д/губ Lala laque 02 2,5гр",Макияж,Губы,Помада для губ,Помада увлажняющая,Массмаркет,291,417.0,391.0,403.0,,384.0,,,,,,0.59,brand,462.68999999999994,384.0,Wildberries,323.3333333333333,383.0,True,383.0,0.17223194795651509
Clarins,19000036414,"CLARINS Молочко способствующее сокращению пигментации смягчающее BRIGHT PLUS, 200мл",Уход,Уход за лицом,Тоники-лосьоны-тонеры,,Люкс,2183,,3812.0,3745.0,3679.0,,,,3779.0,4407.0,3745.0,0.85,brand_cat3,4038.55,3679.0,Ozon,2425.5555555555557,3678.0,True,3678.0,0.0892770920256033
Clarins,19000013030,CLARINS Пудра рассыпчатая матирующая Ever Matte 01 15гр,Макияж,Лицо,Пудра_лицо,Рассыпчатая пудра,Люкс,2854,,4811.0,5158.0,4898.0,,,,5071.0,5763.0,4855.0,1.03,brand,5793.620000000001,4811.0,iledebeaute.ru,3171.111111111111,4810.0,True,4810.0,0.16977640922255877
Clarins,19000043044,CLARINS Бальзам д/лица с эффектом лифтинга и сияния Baume Beaute E clair 50мл,Уход,Уход за лицом,Основной уход,Бальзам для лица,Люкс,1925,,3479.0,3323.0,3245.0,,,,3245.0,3818.0,3362.0,1.03,brand,3907.7500000000005,3245.0,Ozon,2138.8888888888887,3244.0,True,3244.0,0.16985477576610586
Clarins,19000217066,Clarins Маска д/лица Ночная 50мл,Уход,Уход за лицом,Уход за лицом _маски,Ночные маски,Люкс,1381,,2440.0,2496.0,2412.0,,,,2328.0,,,1.03,brand,2803.4300000000003,2328.0,lamoda.ru,1534.4444444444443,2327.0,True,2327.0,0.16994538832786987
Vivienne Sabo,19000279805,Vivienne Sabo Тональный крем д/лица Coverture 04 30гр,Макияж,Лицо,Тональные основы,Компактные средства,Массмаркет,334,449.0,459.0,450.0,475.0,467.0,441.0,517.0,508.0,,,0.59,brand,531.06,441.0,MagnitMarket,371.1111111111111,440.0,True,440.0,0.17146838398674336
Vivienne Sabo,19760306112,Vivienne Sabo Блеск д/губ Le grand Volume 03 3мл,Макияж,Губы,Блеск для губ,,Массмаркет,209,278.0,276.0,283.0,277.0,276.0,294.0,,310.0,,,0.38,brand_cat3,288.41999999999996,276.0,iledebeaute.ru,232.22222222222223,275.0,True,275.0,0.04652936689549947
Clarins,19000358415,CLARINS Лосьон д/умывания Demaquillant Express Yeux 50мл,Уход,Уход за лицом,Тоники-лосьоны-тонеры,,Люкс,395,,666.0,678.0,,,,,,,,0.85,brand_cat3,730.75,666.0,iledebeaute.ru,438.88888888888886,665.0,True,665.0,0.08997605200136849
Clarins,19000000355,CLARINS Масло д/чувствительной кожи восстанавливающее 30мл,Уход,Уход за лицом,Основной уход,Масло для лица,Люкс,4246,,7170.0,7548.0,7296.0,,,,7233.0,8880.0,7296.0,1.03,brand,8619.380000000001,7170.0,iledebeaute.ru,4717.777777777777,7169.0,True,7169.0,0.16826964352424434
Clarins,19000283292,"Clarins Рефил помады д/губ Joli Rouge 787 3,5гр",Макияж,Губы,Помада для губ,,Люкс,996,,,1752.0,,,,,1682.0,,,1.03,brand,2021.8800000000003,1682.0,lamoda.ru,1106.6666666666667,1681.0,True,1681.0,0.1685955645241064
Clarins,19000459509,"CLARINS Набор в косметичке Nutri-lumiere 50мл+15 мл+7мл+0,9мл",Уход,Наборы_уход,Подарочные наборы_уход,,Люкс,5415,,,9149.0,,,,,,,,0.97,brand_cat2,10667.55,9149.0,rivegauche.ru,6016.666666666667,9148.0,True,9148.0,0.14244601618928432
Clarins,19000459496,"CLARINS Набор Mascara volume 8мл+3мл+1,4мл",Уход,Наборы_уход,Подарочные наборы_уход,,Люкс,1376,,,2325.0,,,,,,,,0.97,brand_cat2,2710.72,2325.0,rivegauche.ru,1528.888888888889,2324.0,True,2324.0,0.1426632038720339
Clarins,19000043045,CLARINS Пилинг д/лица Peeling Beaute Eclair 50мл,Уход,Уход за лицом,Пилинг/скраб для лица,,Люкс,2146,,3679.0,3828.0,3629.0,,,,3679.0,4095.0,,0.92,brand_cat3,4120.32,3629.0,Ozon,2384.4444444444443,3628.0,True,3628.0,0.11948586517552029
Clarins,19000412906,CLARINS Пигмент д/губ Water Lip Stain 11 7мл,Макияж,Губы,Тинт/пигмент,,Люкс,1852,,3265.0,3185.0,,,,,,,3133.0,0.91,brand_cat3,3537.32,3133.0,visagehall.ru,2057.777777777778,3132.0,True,3132.0,0.11458392229145231
Clarins,19000298298,Clarins Фиксатор д/макияжа 50мл,Макияж,Лицо,Фиксаторы макияжа,,Люкс,1707,,,2889.0,,,,,2917.0,,2973.0,0.85,brand_cat3,3157.9500000000003,2889.0,rivegauche.ru,1896.6666666666665,2888.0,True,2888.0,0.0854826707199291
Clarins,15020200001,Кларанс Шампунь-гель д/волос и тела 200мл муж.,Уход за волосами,Шампуни и кондиционеры,Шампунь,Шампунь-гель,Люкс,977,,1767.0,1767.0,1683.0,,,,1654.0,1914.0,1739.0,1.03,brand,1983.3100000000002,1654.0,lamoda.ru,1085.5555555555554,1653.0,True,1653.0,0.1665448164936395
Vivienne Sabo,19000413115,"Vivienne Sabo Помада-бальзам д/губ Lala laque 01 2,5гр",Макияж,Губы,Помада для губ,Помада увлажняющая,Массмаркет,435,626.0,620.0,643.0,,577.0,,,,,,0.59,brand,691.65,577.0,Wildberries,483.3333333333333,576.0,True,576.0,0.1672088484059857
Clarins,19000194313,CLARINS Рефил помады д/губ Joli rouge Retail reno 750,Макияж,Губы,Помада для губ,,Люкс,1642,,,2781.0,,,,,,,,1.03,brand,3333.26,2781.0,rivegauche.ru,1824.4444444444443,2780.0,True,2780.0,0.16598165159633516
Clarins,19000279540,CLARINS Мицеллярная вода д/чувствительной кожи Demaquillante 200мл,Уход,Уход за лицом,Очищение/демакияж,Мицеллярные средства,Люкс,1554,,2757.0,2632.0,2732.0,,,,2682.0,3304.0,2658.0,1.03,brand,3154.6200000000003,2632.0,rivegauche.ru,1726.6666666666665,2631.0,True,2631.0,0.16598512657625963
Clarins,19000299776,"Clarins Бальзам д/губ Oil 06 2,9гр",Макияж,Губы,Бальзам для губ_макияж,,Люкс,1260,,2135.0,2163.0,,,,,,,2192.0,1.03,brand,2557.8,2135.0,iledebeaute.ru,1400.0,2134.0,True,2134.0,0.1656892642114317
Clarins,15022100004,Clarins Концентрат д/шеи и декольте интенсивного действия 75мл,Уход,Уход за телом,Прочее_тело,,Люкс,5946,,10662.0,10079.0,10162.0,,,,,,,0.9,brand_cat3,11297.4,10079.0,rivegauche.ru,6606.666666666666,10078.0,True,10078.0,0.10793633933471414
Clarins,19000217069,Clarins Гель д/кожи вокруг глаз Освежающий 15мл,Уход,Уход за лицом,Основной уход,Гель для лица,Люкс,1467,,2631.0,2509.0,2488.0,,,,2652.0,,2488.0,1.03,brand,2978.01,2488.0,Ozon,1630.0,2487.0,True,2487.0,0.16487855984365407
Clarins,19000194308,"CLARINS Рефил помады д/губ Joli rouge Retail reno 705 3,5гр",Макияж,Губы,Помада для губ,,Люкс,1487,,2617.0,2523.0,,,,,2594.0,,,1.03,brand,3018.6100000000006,2523.0,rivegauche.ru,1652.2222222222222,2522.0,True,2522.0,0.16451611834586133
Vivienne Sabo,19000413119,"Vivienne Sabo Помада-бальзам д/губ Lala laque 05 2,5гр",Макияж,Губы,Помада для губ,Помада увлажняющая,Массмаркет,237,340.0,339.0,315.0,796.0,330.0,,,,,,0.59,brand,376.83,315.0,rivegauche.ru,263.3333333333333,314.0,True,314.0,0.16673300957991666
Clarins,14036800003,Clarins Румяна компактные Joli 02 5гр,Макияж,Лицо,Румяна,Прессованные румяна,Люкс,2434,,4169.0,4131.0,4360.0,,,,4207.0,4815.0,4322.0,1.03,brand,4941.02,4131.0,rivegauche.ru,2704.4444444444443,4130.0,True,4130.0,0.16414019777292954
Clarins,19000194289,"CLARINS Помада д/губ Joli rouge Retail reno 757S 3,5гр",Макияж,Губы,Помада для губ,,Люкс,2237,,4042.0,3798.0,,,,,,4510.0,3833.0,1.03,brand,4541.110000000001,3798.0,rivegauche.ru,2485.5555555555557,3797.0,True,3797.0,0.16386081817000697
Clarins,19000164825,Clarins Крем д/лица Hydra-Essentiel Light 50мл,Уход,Уход за лицом,Основной уход,Крем для лица,Люкс,2946,,5003.0,,,,,,5049.0,6264.0,5003.0,1.03,brand,5980.380000000001,5003.0,iledebeaute.ru,3273.333333333333,5002.0,True,5002.0,0.16359829977359308
Clarins,19000194297,"CLARINS Помада д/губ Joli rouge Retail reno 770 3,5гр",Макияж,Губы,Помада для губ,,Люкс,2565,,4565.0,4425.0,4356.0,,,,,5453.0,4600.0,1.03,brand,5206.950000000001,4356.0,Ozon,2850.0,4355.0,True,4355.0,0.1636178569027935
Vivienne Sabo,19000043719,Vivienne Sabo Салфетки матирующие д/лица 50шт,Макияж,Лицо,Матирующие салфетки,,Массмаркет,112,174.0,158.0,149.0,166.0,160.0,152.0,165.0,174.0,,,0.79,brand_cat3,200.48000000000002,149.0,rivegauche.ru,124.44444444444444,148.0,True,148.0,0.26177174780526746
Clarins,19000194312,"CLARINS Рефил помады д/губ Joli rouge Retail reno 732 3,5гр",Макияж,Губы,Помада для губ,,Люкс,1513,,2570.0,2617.0,,,,,3347.0,,,1.03,brand,3071.3900000000003,2570.0,iledebeaute.ru,1681.111111111111,2569.0,True,2569.0,0.16357089135537994
Vivienne Sabo,19000338830,"Vivienne Sabo Карандаш д/бровей Brow arcade GA 02 0,3гр",Макияж,Брови,Карандаш для бровей,Карандаш для бровей автоматический,Массмаркет,214,,,,,343.0,,,,,,0.95,brand_cat3,417.3,343.0,Wildberries,237.77777777777777,342.0,True,342.0,0.18044572250179725
Vivienne Sabo,19000320227,"Vivienne Sabo Карандаш д/губ Jolies levres shade 103,5гр",Макияж,Губы,Карандаш для губ,,Массмаркет,296,,,,637.0,,,,,,,0.77,brand_cat3,523.92,637.0,Ozon,328.88888888888886,636.0,True,636.0,0.0
Clarins,19000258577,Clarins Крем д/лица ночной обновляющий Multi-Active 50мл,Уход,Уход за лицом,Основной уход,Крем для лица,Люкс,1975,,,3427.0,3498.0,,,,,,3355.0,1.03,brand,4009.2500000000005,3355.0,visagehall.ru,2194.4444444444443,3354.0,True,3354.0,0.16343455758558345
Clarins,14019300006,Clarins Блеск для губ Eclat Minute 12мл тон 08,Макияж,Губы,Блеск для губ,,Люкс,1607,,2730.0,2838.0,2860.0,,,,2903.0,,,0.92,brand_cat3,3085.44,2730.0,iledebeaute.ru,1785.5555555555554,2729.0,True,2729.0,0.11552323169466916
Clarins,19760318963,Clarins Крем тональный устойчивый Everlasting 109C 30мл,Макияж,Лицо,Тональные основы,Жидкие тональные основы,Люкс,2886,,,,4904.0,,,,,5980.0,,1.03,brand,5858.580000000001,4904.0,Ozon,3206.6666666666665,4903.0,True,4903.0,0.16310778379743907
Clarins,19000459491,CLARINS Адвент-календарь 12 бестселлеров 2025,Уход,Наборы_уход,Адвент-календарь,,Люкс,3466,,,,,,,,5890.0,,,0.97,brand_cat2,6828.0199999999995,5890.0,lamoda.ru,3851.111111111111,5889.0,True,5889.0,0.1375244946558445
Clarins,19000164823,Clarins Эмульсия д/лица Hydra-Essentiel 75мл,Уход,Уход за лицом,Основной уход,Эмульсии,Люкс,3429,,6058.0,6058.0,5875.0,,,,5921.0,7182.0,5829.0,1.03,brand,6960.870000000001,5829.0,visagehall.ru,3810.0,5828.0,True,5828.0,0.16274833461909222
Clarins,14017400004,Clarins Кисть для тонального крема многофункциональная PINCEAU MULTI-USAGE TEINT 1шт.,Макияж,Кисти/спонжи,Кисти,,Люкс,2030,,3453.0,3640.0,3480.0,,,,3533.0,4315.0,3481.0,0.96,brand_cat3,3978.7999999999997,3453.0,iledebeaute.ru,2255.5555555555557,3452.0,True,3452.0,0.13240172916457216
Clarins,19000194280,"CLARINS Помада д/губ Joli rouge Retail reno 732 3,5гр",Макияж,Губы,Помада для губ,,Люкс,1639,,2788.0,2892.0,,,,,,3362.0,2857.0,1.03,brand,3327.1700000000005,2788.0,iledebeaute.ru,1821.111111111111,2787.0,True,2787.0,0.16235118734540177
Clarins,14036800006,Clarins Румяна компактные Joli 05 5гр,Макияж,Лицо,Румяна,Прессованные румяна,Люкс,1439,,2448.0,2601.0,2740.0,,,,2601.0,2880.0,2562.0,1.03,brand,2921.1700000000005,2448.0,iledebeaute.ru,1598.888888888889,2447.0,True,2447.0,0.16232194634341734
Clarins,19000149505,Clarins Гель д/душа Eau Dynamisante 200мл,Уход,Уход за телом,Для ванны и душа,Гель для душа,Люкс,1159,,2021.0,1972.0,2045.0,,,,1972.0,2378.0,2045.0,1.03,brand,2352.7700000000004,1972.0,rivegauche.ru,1287.7777777777778,1971.0,True,1971.0,0.1622640547099803
Vivienne Sabo,19000357022,"Vivienne Sabo Карандаш д/бровей Filigrane 02 0,2гр",Макияж,Брови,Карандаш для бровей,Карандаш для бровей автоматический,Массмаркет,225,300.0,323.0,338.0,732.0,326.0,,,,,,0.95,brand_cat3,438.75,300.0,letu.ru,250.0,299.0,True,299.0,0.31851851851851853
Clarins,19000194298,"CLARINS Помада д/губ Joli rouge Retail reno 771 3,5гр",Макияж,Губы,Помада для губ,,Люкс,1677,,2857.0,2857.0,,,,,,,2927.0,1.03,brand,3404.3100000000004,2857.0,iledebeaute.ru,1863.3333333333333,2856.0,True,2856.0,0.1610634754179262
Clarins,19000194285,"CLARINS Помада д/губ Joli rouge Retail reno 744 3,5гр",Макияж,Губы,Помада для губ,,Люкс,2700,,4669.0,4879.0,4635.0,,,,4739.0,,4600.0,1.03,brand,5481.000000000001,4600.0,visagehall.ru,3000.0,4599.0,True,4599.0,0.1609195402298852
Vivienne Sabo,19000023596,Vivienne Sabo Палетка д/контуринга Naturel 04 6гр,Макияж,Лицо,Палетки_лицо,,Массмаркет,176,248.0,228.0,238.0,155.0,239.0,259.0,,,,,0.56,brand_cat3,274.56,155.0,Ozon,195.55555555555554,154.0,False,195.55555555555554,0.28774928774928776
Vivienne Sabo,19000194531,"Vivienne Sabo Палетка д/скульптурирования пудровая Mariniere 01 17,2гр",Макияж,Лицо,Палетки_лицо,,Массмаркет,557,823.0,833.0,786.0,478.0,657.0,809.0,837.0,735.0,,,0.56,brand_cat3,868.9200000000001,478.0,Ozon,618.8888888888889,477.0,False,618.8888888888889,0.28774928774928776
Clarins,19000327179,Clarins Сыворотка д/лица Double Serum Complete Age-Defying 50мл,Уход,Уход за лицом,Сыворотки,,Люкс,9022,,15953.0,15371.0,16070.0,,,,15720.0,18084.0,,0.88,brand_cat3,16961.36,15371.0,rivegauche.ru,10024.444444444443,15370.0,True,15370.0,0.09382266516364257
Vivienne Sabo,19000005906,"Vivienne Sabo Консилер д/лица Retouche 02 3,5мл",Макияж,Лицо,Корректор/консилер,,Массмаркет,290,420.0,401.0,399.0,387.0,409.0,421.0,425.0,,,415.0,0.6,brand_cat3,464.0,387.0,Ozon,322.22222222222223,386.0,True,386.0,0.1681034482758621
Clarins,19000399417,"CLARINS Рефил помады д/губ Joli Rouge 759V 3,5гр",Макияж,Губы,Помада для губ,Помада матовая,Люкс,905,,,1542.0,,,,,,,,1.03,brand,1837.1500000000003,1542.0,rivegauche.ru,1005.5555555555555,1541.0,True,1541.0,0.16120077293634172
Clarins,15022500032,Clarins Солнцезащитный крем д/тела SPF30 Creme Solaire Corps 150мл,Уход,Солнечная серия/авто загары,Солнцезащитные средства,Защита от 21 до 30 SPF,Люкс,2285,,3994.0,3894.0,4061.0,,,,,,4130.0,1.03,brand,4638.55,3894.0,rivegauche.ru,2538.8888888888887,3893.0,True,3893.0,0.16072910715633126
Clarins,19000258574,Clarins Крем д/лица дневной Сухая кожа Multi-Active 50мл,Уход,Уход за лицом,Основной уход,Крем для лица,Люкс,3270,,5640.0,5707.0,5842.0,,,,,6557.0,5573.0,1.03,brand,6638.1,5573.0,visagehall.ru,3633.333333333333,5572.0,True,5572.0,0.16060318464620904
Clarins,19000013041,CLARINS Крем тональный увлажняющий с матовым покрытием Skin Illusion Velvet 107C 30мл,Макияж,Лицо,Тональные основы,Жидкие тональные основы,Люкс,2152,,3757.0,3668.0,,,,,3668.0,4472.0,3845.0,1.03,brand,4368.56,3668.0,rivegauche.ru,2391.111111111111,3667.0,True,3667.0,0.1605929642719799
Clarins,14018000005,"Clarins Подводка для глаз жидкая 3-Dot Liner 0,7мл тон Intense black",Макияж,Глаза,Подводки,Жидкая подводка,Люкс,1386,,2419.0,2391.0,2363.0,,,,2419.0,2914.0,2506.0,1.03,brand,2813.5800000000004,2363.0,Ozon,1540.0,2362.0,True,2362.0,0.1605001457218207
Clarins,14012900002,"Clarins Карандаш для глаз автоматический водостойкий Waterproof Pencil 0,29г тон 01",Макияж,Глаза,Карандаш для глаз,,Люкс,1067,,1885.0,1928.0,1820.0,,,,1820.0,2167.0,1842.0,0.92,brand_cat3,2048.64,1820.0,Ozon,1185.5555555555554,1819.0,True,1819.0,0.11209387691346451
Clarins,19000033374,"CLARINS Бальзам против морщин для кожи вокруг глаз Total Eye Smooth, 15мл",Уход,Уход за лицом,Средства для век,,Люкс,2930,,5236.0,4998.0,5176.0,,,,5117.0,5740.0,4998.0,1.08,brand_cat3,6094.400000000001,4998.0,rivegauche.ru,3255.5555555555557,4997.0,True,4997.0,0.18006694670517198
Vivienne Sabo,19000008986,Vivienne Sabo Точилка косметическая двойная,Макияж,Аксессуары_макияж,Аксессуары,Точилки,Массмаркет,115,189.0,,161.0,111.0,120.0,156.0,,175.0,,,0.59,brand,182.85,111.0,Ozon,127.77777777777777,110.0,False,127.77777777777777,0.30118798043326345
Vivienne Sabo,19000014818,Vivienne Sabo Тушь д/ресниц влагостойкая Cabaret Latex 01 9мл,Макияж,Глаза,Тушь для ресниц,Тушь,Массмаркет,510,748.0,745.0,736.0,452.0,744.0,731.0,,826.0,,724.0,0.41,brand_cat3,719.0999999999999,452.0,Ozon,566.6666666666666,451.0,False,566.6666666666666,0.21197793538219067
Vivienne Sabo,19760308865,Vivienne Sabo Масло д/губ Dessert a levres 01 3мл,Макияж,Губы,Масло для губ_макияж,,Массмаркет,291,416.0,398.0,416.0,389.0,437.0,,524.0,,,400.0,0.59,brand,462.68999999999994,389.0,Ozon,323.3333333333333,388.0,True,388.0,0.16142557651991607
Vivienne Sabo,19000438307,Vivienne Sabo Тушь д/ресниц Cabaret legende rouge 01 9мл,Макияж,Глаза,Тушь для ресниц,Тушь,Массмаркет,330,,,,324.0,637.0,,,,,,0.41,brand_cat3,465.29999999999995,324.0,Ozon,366.6666666666667,323.0,False,366.6666666666667,0.21197793538219056
Clarins,15024100001,"Кларанс Сыворотка, моделирующая контур лица V Shaping Facial Lift 50 мл",Уход,Уход за лицом,Сыворотки,,Люкс,2298,,3999.0,3922.0,3999.0,,,,4153.0,4887.0,3923.0,0.88,brand_cat3,4320.24,3922.0,rivegauche.ru,2553.3333333333335,3921.0,True,3921.0,0.09241153269262814
Vivienne Sabo,19000185852,Vivienne Sabo Праймер-тушь д/ресниц Cabaret 01 6мл+6мл,Макияж,Глаза,Тушь для ресниц,,Массмаркет,366,506.0,508.0,534.0,312.0,389.0,391.0,429.0,357.0,,,0.41,brand_cat3,516.06,312.0,Ozon,406.66666666666663,311.0,False,406.66666666666663,0.21197793538219067
Vivienne Sabo,19000368676,Vivienne Sabo Тушь д/ресниц Cabaret Premiere Artistic volume Charmant 01 9мл,Макияж,Глаза,Тушь для ресниц,,Массмаркет,304,,,,523.0,,,,,,,0.41,brand_cat3,428.64,523.0,Ozon,337.77777777777777,522.0,True,522.0,0.0
Vivienne Sabo,19000088423,Vivienne Sabo Масло д/бровей Brovista 6мл,Макияж,Брови,Уход для бровей,,Массмаркет,200,183.0,92.0,279.0,906.0,,,232.0,,,290.0,0.79,brand_cat3,358.0,92.0,iledebeaute.ru,222.22222222222223,91.0,False,222.22222222222223,0.3792675356921167
Vivienne Sabo,19000215147,"Vivienne Sabo Подводка д/глаз Acrobate 01 0,5мл",Макияж,Глаза,Подводки,Маркеры,Массмаркет,619,950.0,894.0,882.0,746.0,481.0,670.0,652.0,,,,0.59,brand,984.2099999999999,481.0,Wildberries,687.7777777777777,480.0,False,687.7777777777777,0.30118798043326345
Vivienne Sabo,19000208567,Vivienne Sabo Тушь д/ресниц Volume etalon 01 9мл,Макияж,Глаза,Тушь для ресниц,Тушь,Массмаркет,511,,242.0,762.0,685.0,,,,,,,0.41,brand_cat3,720.51,242.0,iledebeaute.ru,567.7777777777777,241.0,False,567.7777777777777,0.21197793538219079
Vivienne Sabo,3218600002,"Vivienne Sabo Подводка д/глаз гелевая с кисточкой Velvet Noir 01 1,7гр",Макияж,Глаза,Подводки,Гелевые подводки,Массмаркет,342,310.0,,359.0,,,,,,,,0.59,brand,543.78,310.0,letu.ru,380.0,309.0,False,380.0,0.30118798043326345
Clarins,14023200004,"Clarins Карандаш для глаз с кистью Crayon Khol 1,05гр.тон 01 Intense black",Макияж,Глаза,Карандаш для глаз,,Люкс,1463,,2560.0,2623.0,2498.0,,,,2602.0,3111.0,2499.0,0.92,brand_cat3,2808.96,2498.0,Ozon,1625.5555555555554,2497.0,True,2497.0,0.1110588972431078
Clarins,19000029927,"CLARINS Бальзам для чувствительной кожи лица и тела восстанавливающий Calm-Essentiel, 30 мл",Уход,Уход за лицом,Основной уход,Бальзам для лица,Люкс,1320,,,2353.0,,,,,,,2254.0,1.03,brand,2679.6000000000004,2254.0,visagehall.ru,1466.6666666666667,2253.0,True,2253.0,0.15920286609941792
Clarins,19000200499,Clarins База под макияж Матирующая SOS Primer 30мл,Макияж,Лицо,Праймер/база_лицо,,Люкс,2850,,4867.0,5078.0,4867.0,,,,5008.0,5768.0,5045.0,1.21,brand_cat3,6298.5,4867.0,iledebeaute.ru,3166.6666666666665,4866.0,True,4866.0,0.2274351035960943
Clarins,19000279538,CLARINS Масло д/тела солнцезащитное SPF30 Embellisante 150мл,Уход,Солнечная серия/авто загары,Солнцезащитные средства,Защита от 21 до 30 SPF,Люкс,2378,,,,4162.0,,,,,,4063.0,1.03,brand,4827.34,4063.0,visagehall.ru,2642.222222222222,4062.0,True,4062.0,0.15854279996851273
Vivienne Sabo,19000340726,"Vivienne Sabo Подводка д/глаз Arcane du destin 01 0,5гр",Макияж,Глаза,Подводки,Маркеры,Массмаркет,182,,45.0,,,,,,,,,0.59,brand,289.38,45.0,iledebeaute.ru,202.22222222222223,44.0,False,202.22222222222223,0.30118798043326345
Vivienne Sabo,19760308871,Vivienne Sabo Маска д/губ 3гр,Уход,Уход за лицом,Уход за губами,Маски для губ,Массмаркет,291,,,245.0,,,,490.0,,,,0.59,brand,462.68999999999994,245.0,rivegauche.ru,323.3333333333333,244.0,False,323.3333333333333,0.30118798043326345
Vivienne Sabo,19000388389,Vivienne Sabo Масло д/губ Francafrique 01 3мл,Макияж,Губы,Масло для губ_макияж,,Массмаркет,212,198.0,,174.0,,,,,,,,0.59,brand,337.08,174.0,rivegauche.ru,235.55555555555554,173.0,False,235.55555555555554,0.30118798043326345
Vivienne Sabo,19000338816,Vivienne Sabo Адвент-календарь 15 дней,Макияж,Наборы_макияж,Набор для макияжа лица,,Массмаркет,3181,,,,3178.0,,,,,,,0.58,brand_cat2,5025.9800000000005,3178.0,Ozon,3534.4444444444443,3177.0,False,3534.4444444444443,0.2967651195499298
Clarins,14017400005,Clarins Кисть для румян PINCEAU BLUSH 1шт.,Макияж,Кисти/спонжи,Кисти,,Люкс,2193,,3747.0,3854.0,3961.0,,,,3881.0,4536.0,3883.0,0.96,brand_cat3,4298.28,3747.0,iledebeaute.ru,2436.6666666666665,3746.0,True,3746.0,0.1284886047442232
Vivienne Sabo,19000215146,Vivienne Sabo Палетка теней д/век Jardin Enchante 01 12гр,Макияж,Глаза,Палетки_глаза,,Массмаркет,1089,,,,1924.0,,,,,,,0.56,brand_cat3,1698.8400000000001,1924.0,Ozon,1210.0,1923.0,True,1923.0,0.0
Vivienne Sabo,19000388385,Vivienne Sabo Палетка теней д/глаз Francafrique 10гр,Макияж,Глаза,Палетки_глаза,,Массмаркет,530,,265.0,442.0,,,,,,,,0.56,brand_cat3,826.8000000000001,265.0,iledebeaute.ru,588.8888888888889,264.0,False,588.8888888888889,0.28774928774928776
Vivienne Sabo,19000215145,"Vivienne Sabo Палетка д/лица Monstre Adorabl 01 13,5гр",Макияж,Лицо,Палетки_лицо,,Массмаркет,318,,,235.0,,,,,,,,0.56,brand_cat3,496.08000000000004,235.0,rivegauche.ru,353.3333333333333,234.0,False,353.3333333333333,0.2877492877492879
Vivienne Sabo,3225200001,Vivienne Sabo Салфетки матирующие д/лица,Уход,Уход за лицом,Очищение/демакияж,Салфетки для снятия макияжа,Массмаркет,83,257.0,221.0,,211.0,209.0,,,,,,0.59,brand,131.97,209.0,Wildberries,92.22222222222221,208.0,True,208.0,0.0
Vivienne Sabo,19760308870,Vivienne Sabo Скраб д/губ 3гр,Уход,Уход за лицом,Уход за губами,Скраб для губ,Массмаркет,264,252.0,,224.0,1057.0,,,,,,,0.59,brand,419.76,224.0,rivegauche.ru,293.3333333333333,223.0,False,293.3333333333333,0.30118798043326345
Vivienne Sabo,3205400026,Vivienne Sabo Тушь д/ресниц Mon general Grand volume 01 9мл,Макияж,Глаза,Тушь для ресниц,Тушь,Массмаркет,169,,55.0,,,,,274.0,,,,0.41,brand_cat3,238.29,55.0,iledebeaute.ru,187.77777777777777,54.0,False,187.77777777777777,0.21197793538219067
Vivienne Sabo,19000279818,Vivienne Sabo Хайлайтер д/лица Lemon citron shade 01 6гр,Макияж,Лицо,Хайлайтер/люминайзер,,Массмаркет,363,,,,,,,503.0,316.0,,,0.62,brand_cat3,588.0600000000001,316.0,lamoda.ru,403.3333333333333,315.0,False,403.3333333333333,0.3141289437585735
Vivienne Sabo,19000388380,"Vivienne Sabo Хайлайтер д/лица Francafrique 7,2гр",Макияж,Лицо,Хайлайтер/люминайзер,,Массмаркет,223,,,167.0,,,,,,,,0.62,brand_cat3,361.26000000000005,167.0,rivegauche.ru,247.77777777777777,166.0,False,247.77777777777777,0.3141289437585735
Vivienne Sabo,19000128393,Vivienne Sabo Блеск д/губ Tropique 01 3мл,Макияж,Губы,Блеск для губ,,Массмаркет,158,235.0,235.0,230.0,146.0,179.0,231.0,,236.0,,,0.38,brand_cat3,218.04,146.0,Ozon,175.55555555555554,145.0,False,175.55555555555554,0.19484702093397743
Clarins,19000136140,Clarins Крем д/сухой кожи дневной Multi-Intensive Эффект лифтинга 50мл,Уход,Уход за лицом,Основной уход,Крем для лица,Люкс,7949,,14364.0,13696.0,14030.0,,,,14364.0,16113.0,13584.0,1.03,brand,16136.470000000001,13584.0,visagehall.ru,8832.222222222223,13583.0,True,13583.0,0.15824216820655324
Vivienne Sabo,3210500001,Vivienne Sabo Гель д/бровей Fixateur Clear 6мл,Макияж,Брови,Гель для бровей,,Массмаркет,156,231.0,216.0,222.0,135.0,219.0,234.0,213.0,234.0,,226.0,0.33,brand_cat3,207.48000000000002,135.0,Ozon,173.33333333333334,134.0,False,173.33333333333334,0.16457811194653305
Clarins,19000373902,CLARINS Крем д/лица SPF25 01 40мл,Макияж,Лицо,Тональные основы,Жидкие тональные основы,Люкс,3202,,,5747.0,,,,,,,5474.0,1.03,brand,6500.06,5474.0,visagehall.ru,3557.777777777778,5473.0,True,5473.0,0.15800777223594864
Vivienne Sabo,3207300003,"Vivienne Sabo Подводка д/глаз Feutre Fin 801 0,8мл",Макияж,Глаза,Подводки,Жидкая подводка,Массмаркет,283,435.0,421.0,426.0,249.0,340.0,426.0,351.0,,,,0.59,brand,449.96999999999997,249.0,Ozon,314.44444444444446,248.0,False,314.44444444444446,0.30118798043326334
Vivienne Sabo,3206300001,"Vivienne Sabo Карандаш д/бровей Coup de Genie 001 1,4гр",Макияж,Брови,Карандаш для бровей,,Массмаркет,279,410.0,403.0,393.0,278.0,401.0,401.0,502.0,318.0,,,0.95,brand_cat3,544.05,278.0,Ozon,310.0,277.0,False,310.0,0.4301994301994302
Clarins,14036800002,Clarins Румяна компактные Joli 01 5гр,Макияж,Лицо,Румяна,Прессованные румяна,Люкс,3132,,5469.0,5431.0,5661.0,,,,5661.0,6390.0,5355.0,1.03,brand,6357.960000000001,5355.0,visagehall.ru,3480.0,5354.0,True,5354.0,0.15790599500468716
Vivienne Sabo,19000042797,"Vivienne Sabo Карандаш д/глаз Virtuose automatique 02 0,28гр",Макияж,Глаза,Карандаш для глаз,,Массмаркет,145,214.0,186.0,213.0,129.0,108.0,193.0,151.0,,,,0.85,brand_cat3,268.25,108.0,Wildberries,161.11111111111111,107.0,False,161.11111111111111,0.3993993993993994
Vivienne Sabo,19000193793,"Vivienne Sabo Карандаш д/глаз Liner flirteur 310 1,4гр",Макияж,Глаза,Карандаш для глаз,,Массмаркет,191,159.0,279.0,278.0,278.0,275.0,222.0,,,,,0.85,brand_cat3,353.35,159.0,letu.ru,212.22222222222223,158.0,False,212.22222222222223,0.3993993993993994
Clarins,19000013028,CLARINS Пудра компактная матирующая Ever Matte 03 10гр,Макияж,Лицо,Пудра_лицо,Компактная пудра,Люкс,1799,,3164.0,3077.0,3251.0,,,,,3417.0,3121.0,1.03,brand,3651.9700000000003,3077.0,rivegauche.ru,1998.888888888889,3076.0,True,3076.0,0.1577148771758805
Clarins,15023100006,Clarins Крем против растяжек Body Partner 175мл,Уход,Уход за телом,Антицеллюлитная серия/коррекция фигуры,,Люкс,1672,,2968.0,2968.0,2968.0,,,,2860.0,3238.0,,0.86,brand_cat3,3109.9199999999996,2860.0,lamoda.ru,1857.7777777777778,2859.0,True,2859.0,0.08068374749189677
Clarins,14033300003,Clarins Тушь для ресниц увеличивающая объем Mascara Supra Volume 8мл тон 01,Макияж,Глаза,Тушь для ресниц,Тушь,Люкс,2359,,4134.0,4263.0,4199.0,,,,4037.0,4750.0,4166.0,1.03,brand,4788.77,4037.0,lamoda.ru,2621.111111111111,4036.0,True,4036.0,0.15719485379335407
Vivienne Sabo,19000140953,"Vivienne Sabo Карандаш д/губ Le grand Volume 07 1,35гр",Макияж,Губы,Карандаш для губ,,Массмаркет,328,,472.0,477.0,301.0,500.0,,,,,,0.77,brand_cat3,580.5600000000001,301.0,Ozon,364.44444444444446,300.0,False,364.44444444444446,0.37225360954174513
Vivienne Sabo,19000279802,Vivienne Sabo Тональный крем д/лица Coverture 01 30гр,Макияж,Лицо,Тональные основы,Компактные средства,Массмаркет,520,755.0,738.0,720.0,503.0,755.0,783.0,,838.0,,,0.59,brand,826.8,503.0,Ozon,577.7777777777777,502.0,False,577.7777777777777,0.30118798043326345
Vivienne Sabo,19000005905,"Vivienne Sabo Консилер д/лица Retouche 01 3,5мл",Макияж,Лицо,Корректор/консилер,,Массмаркет,207,306.0,271.0,275.0,176.0,283.0,270.0,,,,275.0,0.6,brand_cat3,331.20000000000005,176.0,Ozon,230.0,175.0,False,230.0,0.3055555555555557
Clarins,19000459500,"CLARINS Набор в косметичке Double serum 20мл+1,4мл+15мл",Уход,Наборы_уход,Подарочные наборы_уход,,Люкс,3289,,5708.0,5943.0,,,,,5630.0,,,0.97,brand_cat2,6479.33,5630.0,lamoda.ru,3654.4444444444443,5629.0,True,5629.0,0.13123733472442367
Vivienne Sabo,19000082134,Vivienne Sabo Блеск д/губ Le grand Volume 15 3мл,Макияж,Губы,Блеск для губ,,Массмаркет,202,,307.0,304.0,277.0,271.0,299.0,,,,,0.38,brand_cat3,278.76,271.0,Wildberries,224.44444444444443,270.0,True,270.0,0.03142488161859658
Vivienne Sabo,19000020999,"Vivienne Sabo Маркер д/бровей Superb 02 0,7мл",Макияж,Брови,Маркеры для бровей,,Массмаркет,349,514.0,526.0,475.0,342.0,371.0,351.0,345.0,359.0,,503.0,0.65,brand_cat3,575.85,342.0,Ozon,387.77777777777777,341.0,False,387.77777777777777,0.32659932659932667
Vivienne Sabo,19000205233,"Vivienne Sabo Масло д/губ Sirop de Fruits 03 3,5мл",Макияж,Губы,Масло для губ_макияж,,Массмаркет,177,264.0,,251.0,169.0,140.0,240.0,,290.0,,,0.59,brand,281.42999999999995,140.0,Wildberries,196.66666666666666,139.0,False,196.66666666666666,0.30118798043326334
Clarins,19000168470,Clarins Рефил пены д/ванн Tonic 200мл,Уход,Уход за телом,Для ванны и душа,Пена для ванн,Люкс,1512,,2631.0,2733.0,,,,,2590.0,,,1.03,brand,3069.3600000000006,2590.0,lamoda.ru,1680.0,2589.0,True,2589.0,0.15650168113222318
Clarins,19000423536,CLARINS Гель д/лица Men Тонизирующий 50мл,Уход,Уход за лицом,Основной уход,Гель для лица,Люкс,2064,,3536.0,,,,,,,,,1.03,brand,4189.92,3536.0,iledebeaute.ru,2293.3333333333335,3535.0,True,3535.0,0.15630847367014167
Vivienne Sabo,19000279809,Vivienne Sabo Плампер д/губ Le grand Volume 04 3мл,Макияж,Губы,Плампер для губ,,Массмаркет,465,703.0,674.0,666.0,412.0,546.0,,,,,,0.59,brand,739.3499999999999,412.0,Ozon,516.6666666666666,411.0,False,516.6666666666666,0.30118798043326345
Clarins,19000200493,"Clarins Тени д/век насыщенные Ombre Skin тон 05 1,5гр",Макияж,Глаза,Тени для век,Прессованные тени,Люкс,2030,,3640.0,3480.0,3613.0,,,,3613.0,4063.0,3588.0,1.03,brand,4120.900000000001,3480.0,rivegauche.ru,2255.5555555555557,3479.0,True,3479.0,0.15576694411414993
Vivienne Sabo,19000093400,Vivienne Sabo Помада-бальзам д/губ Fantaisie 07 4гр,Макияж,Губы,Помада для губ,Помада увлажняющая,Массмаркет,191,262.0,274.0,274.0,187.0,147.0,185.0,189.0,217.0,,287.0,0.59,brand,303.69,147.0,Wildberries,212.22222222222223,146.0,False,212.22222222222223,0.30118798043326345
Clarins,14036200016,Clarins Крем д/лица тональный с легким покрытием Skin Illusion SPF15 30мл тон 109,Макияж,Лицо,Тональные основы,Жидкие тональные основы,Люкс,3635,,6330.0,6235.0,6568.0,,,,6378.0,7672.0,6235.0,1.03,brand,7379.050000000001,6235.0,rivegauche.ru,4038.8888888888887,6234.0,True,6234.0,0.15517580176309975
Vivienne Sabo,19000398455,"Vivienne Sabo Тени д/век Hypnostique 06 0,6гр",Макияж,Глаза,Тени для век,,Массмаркет,509,782.0,772.0,759.0,495.0,590.0,,,,,,0.59,brand,809.31,495.0,Ozon,565.5555555555555,494.0,False,565.5555555555555,0.30118798043326345
Vivienne Sabo,3216800001,Vivienne Sabo Тушь д/ресниц Cabaret Premiere Artistic volume 01 9мл,Макияж,Глаза,Тушь для ресниц,Тушь,Массмаркет,243,344.0,361.0,334.0,239.0,364.0,329.0,,376.0,,241.0,0.41,brand_cat3,342.63,239.0,Ozon,270.0,238.0,False,270.0,0.21197793538219067
Clarins,15020100136,Кларанс Масло д/тела д/похудения 100мл,Уход,Уход за телом,Масла,,Люкс,1720,,3056.0,3003.0,2951.0,,,,3056.0,3286.0,3003.0,1.24,brand_cat3,3852.8,2951.0,Ozon,1911.111111111111,2950.0,True,2950.0,0.2343230897009967
Vivienne Sabo,3225500003,Vivienne Sabo Тушь д/бровей Brow Atelier 01 6мл,Макияж,Брови,Тушь для бровей,,Массмаркет,156,,,,,,,253.0,,,,0.8,brand_cat3,280.8,253.0,Megamarket,173.33333333333334,252.0,True,252.0,0.10256410256410264
Vivienne Sabo,19000128391,Vivienne Sabo Бальзам д/губ Plaisir 02 12мл,Макияж,Губы,Бальзам для губ_макияж,,Массмаркет,249,227.0,,355.0,400.0,396.0,,446.0,393.0,,,0.59,brand,395.90999999999997,227.0,letu.ru,276.6666666666667,226.0,False,276.6666666666667,0.30118798043326334
Vivienne Sabo,19000162496,Vivienne Sabo Тональный крем д/лица Nuage 03 25мл,Макияж,Лицо,Тональные основы,Жидкие тональные основы,Массмаркет,293,273.0,,,143.0,450.0,,,,,,0.59,brand,465.86999999999995,143.0,Ozon,325.55555555555554,142.0,False,325.55555555555554,0.30118798043326345
Clarins,14012200004,Clarins Тушь для ресниц с эффектом 4D Wonder Perfect Mascara 8мл тон 02,Макияж,Глаза,Тушь для ресниц,Тушь,Люкс,1430,,2519.0,2454.0,2551.0,,,,2487.0,,2551.0,1.03,brand,2902.9000000000005,2454.0,rivegauche.ru,1588.888888888889,2453.0,True,2453.0,0.15498294808639657
Vivienne Sabo,19000199784,Vivienne Sabo Консилер д/лица С-energie 04 6мл,Макияж,Лицо,Корректор/консилер,,Массмаркет,215,161.0,77.0,190.0,100.0,297.0,296.0,373.0,342.0,,,0.6,brand_cat3,344.0,77.0,iledebeaute.ru,238.88888888888889,76.0,False,238.88888888888889,0.3055555555555556
Vivienne Sabo,19000108268,Vivienne Sabo Палетка теней д/век Fleurs naturelles 04 5гр,Макияж,Глаза,Палетки_глаза,,Массмаркет,234,209.0,,,,,,412.0,390.0,,,0.56,brand_cat3,365.04,209.0,letu.ru,260.0,208.0,False,260.0,0.28774928774928776
Vivienne Sabo,19000388391,"Vivienne Sabo Помада д/губ Matt Powder Francafrique 02 1,3гр",Макияж,Губы,Помада для губ,Помада матовая,Массмаркет,265,252.0,128.0,227.0,,,,,,,,0.59,brand,421.34999999999997,128.0,iledebeaute.ru,294.44444444444446,127.0,False,294.44444444444446,0.30118798043326334
Vivienne Sabo,19000340766,"Vivienne Sabo Тени-стик д/век Arcane du destin 01 0,9гр",Макияж,Глаза,Тени для век,Тени в карандаше-стике,Массмаркет,328,312.0,163.0,268.0,,,,,,,,0.59,brand,521.52,163.0,iledebeaute.ru,364.44444444444446,162.0,False,364.44444444444446,0.30118798043326345
Vivienne Sabo,19000082132,Vivienne Sabo Блеск д/губ Le grand Volume 13 3мл,Макияж,Губы,Блеск для губ,,Массмаркет,272,409.0,371.0,372.0,219.0,409.0,410.0,483.0,,,,0.38,brand_cat3,375.35999999999996,219.0,Ozon,302.22222222222223,218.0,False,302.22222222222223,0.19484702093397732
Vivienne Sabo,19000128411,Vivienne Sabo Блеск д/губ Tropique 19 3мл,Макияж,Губы,Блеск для губ,,Массмаркет,119,163.0,174.0,155.0,103.0,120.0,166.0,,,,,0.38,brand_cat3,164.22,103.0,Ozon,132.22222222222223,102.0,False,132.22222222222223,0.19484702093397743
Vivienne Sabo,3210500004,Vivienne Sabo Гель д/бровей Fixateur Brown 6мл,Макияж,Брови,Гель для бровей,,Массмаркет,158,213.0,222.0,225.0,153.0,228.0,214.0,283.0,253.0,,237.0,0.33,brand_cat3,210.14000000000001,153.0,Ozon,175.55555555555554,152.0,False,175.55555555555554,0.16457811194653316
Vivienne Sabo,19000388383,"Vivienne Sabo Подводка д/глаз Linerextase 02 0,5мл",Макияж,Глаза,Подводки,Жидкая подводка,Массмаркет,374,525.0,513.0,507.0,354.0,,,,,,,0.59,brand,594.66,354.0,Ozon,415.55555555555554,353.0,False,415.55555555555554,0.30118798043326345
Vivienne Sabo,3207300004,"Vivienne Sabo Подводка д/глаз водостойкая Feutre Fin 802 0,8мл",Макияж,Глаза,Подводки,Жидкая подводка,Массмаркет,283,407.0,426.0,383.0,262.0,340.0,388.0,413.0,319.0,,,0.59,brand,449.96999999999997,262.0,Ozon,314.44444444444446,261.0,False,314.44444444444446,0.30118798043326334
Vivienne Sabo,3206300003,"Vivienne Sabo Карандаш д/бровей Coup de Genie 003 1,4гр",Макияж,Брови,Карандаш для бровей,,Массмаркет,124,169.0,171.0,183.0,112.0,188.0,180.0,205.0,144.0,,,0.95,brand_cat3,241.79999999999998,112.0,Ozon,137.77777777777777,111.0,False,137.77777777777777,0.4301994301994302
Vivienne Sabo,19000413121,"Vivienne Sabo Помада-бальзам д/губ Lala laque 07 2,5гр",Макияж,Губы,Помада для губ,Помада увлажняющая,Массмаркет,435,650.0,614.0,637.0,1682.0,585.0,,,,,,0.59,brand,691.65,585.0,Wildberries,483.3333333333333,584.0,True,584.0,0.15564230463384654
Clarins,15021300020,Clarins Крем д/рук восстанавливающий ANTI AGE SPOT HAND CREAM MULTI-INTENSIVE 100мл,Уход,Уход за руками,Крем для рук,,Люкс,2274,,4044.0,3978.0,4044.0,,,,4077.0,4602.0,3911.0,0.85,brand_cat3,4206.900000000001,3911.0,visagehall.ru,2526.6666666666665,3910.0,True,3910.0,0.07057453231595723
Clarins,14038900011,Clarins Блеск д/губ EMBELLISSEUR LEVRES 16 12мл,Макияж,Губы,Блеск для губ,,Люкс,743,,,1278.0,1321.0,,,,,,1344.0,0.92,brand_cat3,1426.56,1278.0,rivegauche.ru,825.5555555555555,1277.0,True,1277.0,0.1048396141767608
Clarins,19000181015,CLARINS Концентрат д/лица Cure Eclat 8мл,Уход,Уход за лицом,Специальный уход,,Люкс,2678,,4607.0,4839.0,,,,,4607.0,5616.0,4773.0,1.25,brand_cat3,6025.5,4607.0,iledebeaute.ru,2975.5555555555557,4606.0,True,4606.0,0.2355821093685171
Clarins,19000194318,"CLARINS Рефил помады д/губ Joli rouge Retail reno 759S 3,5гр",Макияж,Губы,Помада для губ,,Люкс,1073,,1916.0,1846.0,,,,,1869.0,,,1.03,brand,2178.19,1846.0,rivegauche.ru,1192.2222222222222,1845.0,True,1845.0,0.15296645379879625
Clarins,19000141137,Clarins Масло д/бритья и ухода за бородой MEN 30мл,Уход,Бритье_мужское,Для бритья,Масло для бритья,Люкс,2249,,4001.0,3908.0,3877.0,,,,4032.0,4599.0,4064.0,1.03,brand,4565.47,3877.0,Ozon,2498.8888888888887,3876.0,True,3876.0,0.15101840555298807
Vivienne Sabo,19000441676,Vivienne Sabo Консилер д/лица Coverture Плотное покрытие 03 5мл,Макияж,Лицо,Корректор/консилер,,Массмаркет,234,,349.0,316.0,,378.0,,,394.0,,,0.6,brand_cat3,374.40000000000003,316.0,rivegauche.ru,260.0,315.0,True,315.0,0.15865384615384626
Clarins,19000459513,CLARINS Набор д/лица Double serum 50мл+2*15мл+5мл,Уход,Наборы_уход,Подарочные наборы_уход,,Люкс,4253,,,7336.0,,,,,,,,0.97,brand_cat2,8378.41,7336.0,rivegauche.ru,4725.555555555556,7335.0,True,7335.0,0.124535562236749
Clarins,19000194320,"CLARINS Рефил помады д/губ Joli rouge Retail reno 778 3,5гр",Макияж,Губы,Помада для губ,,Люкс,1746,,3061.0,3014.0,,,,,,,,1.03,brand,3544.3800000000006,3014.0,rivegauche.ru,1940.0,3013.0,True,3013.0,0.14992184810883724
Clarins,19000194296,"CLARINS Помада д/губ Joli rouge Retail reno 769 3,5гр",Макияж,Губы,Помада для губ,,Люкс,2661,,4669.0,4704.0,4600.0,,,,4704.0,,4739.0,1.03,brand,5401.830000000001,4600.0,Ozon,2956.6666666666665,4599.0,True,4599.0,0.14862185592660282
Vivienne Sabo,3232400002,"Vivienne Sabo Карандаш д/глаз гелевый Virtuose 602 1,5гр",Макияж,Глаза,Карандаш для глаз,,Массмаркет,177,271.0,269.0,261.0,194.0,185.0,177.0,309.0,188.0,,,0.85,brand_cat3,327.45,177.0,MagnitMarket,196.66666666666666,176.0,False,196.66666666666666,0.3993993993993994
Vivienne Sabo,3232400004,"Vivienne Sabo Карандаш д/глаз гелевый Virtuose 604 1,5гр",Макияж,Глаза,Карандаш для глаз,,Массмаркет,155,209.0,227.0,229.0,175.0,160.0,150.0,260.0,,,,0.85,brand_cat3,286.75,150.0,MagnitMarket,172.22222222222223,149.0,False,172.22222222222223,0.3993993993993994
Vivienne Sabo,19000008984,"Vivienne Sabo Подводка д/глаз Cabaret Premiere 02 0,5мл",Макияж,Глаза,Подводки,Маркеры,Массмаркет,288,434.0,415.0,428.0,400.0,407.0,390.0,,471.0,,415.0,0.59,brand,457.91999999999996,390.0,MagnitMarket,320.0,389.0,True,389.0,0.1505066387141858
Vivienne Sabo,19000140952,"Vivienne Sabo Карандаш д/губ Le grand Volume 06 1,35гр",Макияж,Губы,Карандаш для губ,,Массмаркет,219,296.0,329.0,318.0,170.0,310.0,296.0,,341.0,,,0.77,brand_cat3,387.63,170.0,Ozon,243.33333333333331,169.0,False,243.33333333333331,0.37225360954174513
Vivienne Sabo,19760304887,"Vivienne Sabo Карандаш д/губ Le grand Volume 01 1,35гр",Макияж,Губы,Карандаш для губ,,Массмаркет,328,477.0,483.0,466.0,292.0,246.0,494.0,573.0,499.0,,,0.77,brand_cat3,580.5600000000001,246.0,Wildberries,364.44444444444446,245.0,False,364.44444444444446,0.37225360954174513
Vivienne Sabo,19760304889,"Vivienne Sabo Карандаш д/губ Le grand Volume 03 1,35гр",Макияж,Губы,Карандаш для губ,,Массмаркет,262,373.0,378.0,351.0,238.0,394.0,362.0,461.0,420.0,,,0.77,brand_cat3,463.74,238.0,Ozon,291.1111111111111,237.0,False,291.1111111111111,0.37225360954174525
Vivienne Sabo,19000279804,Vivienne Sabo Тональный крем д/лица Coverture 03 30гр,Макияж,Лицо,Тональные основы,Компактные средства,Массмаркет,658,952.0,936.0,990.0,538.0,961.0,990.0,,725.0,,,0.59,brand,1046.2199999999998,538.0,Ozon,731.1111111111111,537.0,False,731.1111111111111,0.30118798043326334
Vivienne Sabo,19000005908,"Vivienne Sabo Консилер д/лица Retouche 04 3,5мл",Макияж,Лицо,Корректор/консилер,,Массмаркет,428,627.0,615.0,622.0,370.0,640.0,644.0,683.0,487.0,,638.0,0.6,brand_cat3,684.8000000000001,370.0,Ozon,475.55555555555554,369.0,False,475.55555555555554,0.3055555555555557
Clarins,19000258581,Clarins Крем д/лица увлажняющий Оттеночный My Clarins 50мл,Уход,Уход за лицом,Основной уход,Крем для лица,Люкс,1914,,3459.0,3334.0,,,,,,,3310.0,1.03,brand,3885.4200000000005,3310.0,visagehall.ru,2126.6666666666665,3309.0,True,3309.0,0.14835461803357175
Vivienne Sabo,19000020998,"Vivienne Sabo Маркер д/бровей Superb 01 0,7мл",Макияж,Брови,Маркеры для бровей,,Массмаркет,391,586.0,561.0,581.0,325.0,417.0,417.0,,406.0,,553.0,0.65,brand_cat3,645.15,325.0,Ozon,434.44444444444446,324.0,False,434.44444444444446,0.32659932659932656
Clarins,19000299777,"CLARINS Тени д/век Четырехцветные 10 4,2гр",Макияж,Глаза,Палетки_глаза,,Люкс,1613,,,3153.0,,,,,,,2790.0,1.03,brand,3274.3900000000003,2790.0,visagehall.ru,1792.2222222222222,2789.0,True,2789.0,0.14823829782035747
Vivienne Sabo,19000001311,Vivienne Sabo Масло д/губ Dessert a levres 05 3мл,Макияж,Губы,Масло для губ_макияж,,Массмаркет,470,679.0,695.0,674.0,399.0,714.0,702.0,,,,706.0,0.59,brand,747.3,399.0,Ozon,522.2222222222222,398.0,False,522.2222222222222,0.30118798043326345
Vivienne Sabo,19000205232,"Vivienne Sabo Масло д/губ Sirop de Fruits 02 3,5мл",Макияж,Губы,Масло для губ_макияж,,Массмаркет,187,280.0,,281.0,154.0,202.0,,254.0,302.0,,,0.59,brand,297.33,154.0,Ozon,207.77777777777777,153.0,False,207.77777777777777,0.30118798043326345
Vivienne Sabo,19000023597,Vivienne Sabo Палетка румян д/лица Naturel 01 6гр,Макияж,Лицо,Палетки_лицо,,Массмаркет,201,288.0,297.0,287.0,200.0,228.0,278.0,,226.0,,,0.56,brand_cat3,313.56,200.0,Ozon,223.33333333333331,199.0,False,223.33333333333331,0.28774928774928776
Vivienne Sabo,19000023598,Vivienne Sabo Палетка румян д/лица Naturel 02 6гр,Макияж,Лицо,Палетки_лицо,,Массмаркет,235,361.0,359.0,328.0,194.0,341.0,339.0,165.0,258.0,,,0.56,brand_cat3,366.6,165.0,Megamarket,261.1111111111111,164.0,False,261.1111111111111,0.2877492877492879
Vivienne Sabo,19000279806,Vivienne Sabo Плампер д/губ Le grand Volume 01 3мл,Макияж,Губы,Плампер для губ,,Массмаркет,269,375.0,387.0,372.0,226.0,304.0,265.0,,,,,0.59,brand,427.71,226.0,Ozon,298.88888888888886,225.0,False,298.88888888888886,0.30118798043326345
Vivienne Sabo,19000279808,Vivienne Sabo Плампер д/губ Le grand Volume 03 3мл,Макияж,Губы,Плампер для губ,,Массмаркет,195,268.0,292.0,294.0,160.0,218.0,212.0,,,,,0.59,brand,310.04999999999995,160.0,Ozon,216.66666666666666,159.0,False,216.66666666666666,0.30118798043326334
Vivienne Sabo,19000023584,Vivienne Sabo Помада д/губ Nude Createur 09 4гр,Макияж,Губы,Помада для губ,,Массмаркет,179,275.0,269.0,257.0,144.0,212.0,258.0,,245.0,,258.0,0.59,brand,284.60999999999996,144.0,Ozon,198.88888888888889,143.0,False,198.88888888888889,0.30118798043326334
Clarins,19000141160,Clarins Праймер д/ресниц SOS Caramel 8мл,Макияж,Глаза,Тушь для ресниц,База под тушь,Люкс,1284,,2320.0,2221.0,2254.0,,,,2254.0,2574.0,2254.0,1.03,brand,2606.5200000000004,2221.0,rivegauche.ru,1426.6666666666667,2220.0,True,2220.0,0.14828967358777234
Vivienne Sabo,19000093398,Vivienne Sabo Помада-бальзам д/губ Fantaisie 05 4гр,Макияж,Губы,Помада для губ,Помада увлажняющая,Массмаркет,445,657.0,657.0,652.0,374.0,518.0,468.0,,501.0,,646.0,0.59,brand,707.55,374.0,Ozon,494.44444444444446,373.0,False,494.44444444444446,0.30118798043326334
Vivienne Sabo,19000312963,"Vivienne Sabo Румяна д/лица матовые Macaron 03 4,1гр",Макияж,Глаза,Тени для век,Прессованные тени,Массмаркет,336,516.0,489.0,474.0,332.0,373.0,,,,,,0.59,brand,534.24,332.0,Ozon,373.3333333333333,331.0,False,373.3333333333333,0.30118798043326345
Vivienne Sabo,19000447587,"Vivienne Sabo Карандаш д/бровей Powder Veluxe 01 1,2гр",Макияж,Брови,Карандаш для бровей,,Массмаркет,436,,641.0,646.0,591.0,685.0,,,,,,0.95,brand_cat3,850.1999999999999,591.0,Ozon,484.44444444444446,590.0,True,590.0,0.3060456363208657
Vivienne Sabo,19000398451,"Vivienne Sabo Тени д/век Hypnostique 02 0,6гр",Макияж,Глаза,Тени для век,,Массмаркет,305,445.0,439.0,453.0,296.0,359.0,,,,,,0.59,brand,484.94999999999993,296.0,Ozon,338.88888888888886,295.0,False,338.88888888888886,0.30118798043326345
Clarins,15020100062,Кларанс Крем д/рук омолаживающий 100мл,Уход,Уход за руками,Крем для рук,,Люкс,1896,,3284.0,3379.0,3355.0,,,,3403.0,4032.0,3379.0,0.85,brand_cat3,3507.6000000000004,3284.0,iledebeaute.ru,2106.6666666666665,3283.0,True,3283.0,0.06403238681719703
Vivienne Sabo,19000398454,"Vivienne Sabo Тени д/век Hypnostique 05 0,6гр",Макияж,Глаза,Тени для век,,Массмаркет,211,325.0,302.0,306.0,190.0,368.0,,,,,,0.59,brand,335.48999999999995,190.0,Ozon,234.44444444444443,189.0,False,234.44444444444443,0.30118798043326345
Vivienne Sabo,3216800002,Vivienne Sabo Тушь д/ресниц Cabaret Artistic volume 02 9мл,Макияж,Глаза,Тушь для ресниц,Тушь,Массмаркет,473,695.0,669.0,712.0,461.0,696.0,696.0,872.0,787.0,,604.0,0.41,brand_cat3,666.93,461.0,Ozon,525.5555555555555,460.0,False,525.5555555555555,0.21197793538219067
Vivienne Sabo,3216800006,Vivienne Sabo Тушь д/ресниц Cabaret Premiere 05 9мл,Макияж,Глаза,Тушь для ресниц,Тушь,Массмаркет,272,409.0,383.0,394.0,245.0,194.0,388.0,509.0,430.0,,325.0,0.41,brand_cat3,383.52,194.0,Wildberries,302.22222222222223,193.0,False,302.22222222222223,0.21197793538219067
Clarins,19000412438,CLARINS Фиксатор д/макияжа 50мл,Макияж,Лицо,Фиксаторы макияжа,,Люкс,1117,,,,,,,,,,1935.0,0.85,brand_cat3,2066.4500000000003,1935.0,visagehall.ru,1241.111111111111,1934.0,True,1934.0,0.06409542935952972
Vivienne Sabo,19000140951,"Vivienne Sabo Карандаш д/губ Jolies levres 302 1,4гр",Макияж,Губы,Карандаш для губ,,Массмаркет,129,118.0,59.0,123.0,156.0,134.0,179.0,153.0,148.0,,,0.77,brand_cat3,228.33,59.0,iledebeaute.ru,143.33333333333334,58.0,False,143.33333333333334,0.37225360954174513
Vivienne Sabo,19000340767,"Vivienne Sabo Тени-стик д/век Arcane du destin 02 0,9гр",Макияж,Глаза,Тени для век,Тени в карандаше-стике,Массмаркет,540,516.0,274.0,464.0,,,,,,,,0.59,brand,858.5999999999999,274.0,iledebeaute.ru,600.0,273.0,False,600.0,0.30118798043326334
Vivienne Sabo,19000340769,"Vivienne Sabo Тени-стик д/век Arcane du destin 04 0,9гр",Макияж,Глаза,Тени для век,Тени в карандаше-стике,Массмаркет,281,256.0,127.0,244.0,,,,,,,,0.59,brand,446.78999999999996,127.0,iledebeaute.ru,312.22222222222223,126.0,False,312.22222222222223,0.30118798043326334
Clarins,14036200011,Clarins Крем д/лица тональный с легким покрытием Skin Illusion SPF15 30мл тон 106,Макияж,Лицо,Тональные основы,Жидкие тональные основы,Люкс,3819,,6854.0,6616.0,6806.0,,,,6759.0,7784.0,6759.0,1.03,brand,7752.570000000001,6616.0,rivegauche.ru,4243.333333333333,6615.0,True,6615.0,0.14673456673077456
Vivienne Sabo,3234800002,Vivienne Sabo Тональный крем д/лица Cabaret Premiere 02 25мл,Макияж,Лицо,Тональные основы,Жидкие тональные основы,Массмаркет,302,283.0,,,,,,,,,,0.59,brand,480.17999999999995,283.0,letu.ru,335.55555555555554,282.0,False,335.55555555555554,0.30118798043326345
Vivienne Sabo,3234800005,Vivienne Sabo Тональный крем д/лица Cabaret Premiere 05 25мл,Макияж,Лицо,Тональные основы,Жидкие тональные основы,Массмаркет,364,361.0,,,,,,,,,,0.59,brand,578.76,361.0,letu.ru,404.44444444444446,360.0,False,404.44444444444446,0.30118798043326345
Clarins,19000194301,"CLARINS Помада д/губ Joli rouge Retail reno 777 3,5гр",Макияж,Губы,Помада для губ,,Люкс,2892,,5018.0,5053.0,5227.0,,,,,,5088.0,1.03,brand,5870.760000000001,5018.0,iledebeaute.ru,3213.333333333333,5017.0,True,5017.0,0.14542580517684267
Clarins,19000283293,"Clarins Рефил помады д/губ Joli Rouge 788 3,5гр",Макияж,Губы,Помада для губ,,Люкс,1668,,,2897.0,,,,,2944.0,,,1.03,brand,3386.0400000000004,2897.0,rivegauche.ru,1853.3333333333333,2896.0,True,2896.0,0.1447236299630248
Vivienne Sabo,3233100001,"Vivienne Sabo Карандаш д/глаз Merci 301 1,4гр",Макияж,Глаза,Карандаш для глаз,,Массмаркет,81,80.0,,,,,,,,,,0.85,brand_cat3,149.85,80.0,letu.ru,90.0,79.0,False,90.0,0.3993993993993994
Vivienne Sabo,3216800005,Vivienne Sabo Тушь д/ресниц водостойкая Cabaret Premiere 01 9мл,Макияж,Глаза,Тушь для ресниц,Тушь,Массмаркет,269,371.0,388.0,378.0,393.0,389.0,,,412.0,,366.0,0.41,brand_cat3,379.28999999999996,366.0,visagehall.ru,298.88888888888886,365.0,True,365.0,0.037675657148883324
Vivienne Sabo,19000140950,"Vivienne Sabo Карандаш д/губ Jolies levres 301 1,4гр",Макияж,Губы,Карандаш для губ,,Массмаркет,177,190.0,77.0,171.0,191.0,196.0,244.0,,196.0,,,0.77,brand_cat3,313.29,77.0,iledebeaute.ru,196.66666666666666,76.0,False,196.66666666666666,0.37225360954174525
Vivienne Sabo,19000005958,Vivienne Sabo Пудра д/лица компактная Teinte Absolute matte 03 4гр,Макияж,Лицо,Пудра_лицо,Компактная пудра,Массмаркет,506,462.0,248.0,,,,,,,,,0.59,brand,804.54,248.0,iledebeaute.ru,562.2222222222222,247.0,False,562.2222222222222,0.30118798043326345
Clarins,19000399418,"CLARINS Рефил помады д/губ Joli Rouge 705V 3,5гр",Макияж,Губы,Помада для губ,Помада матовая,Люкс,1034,,,1799.0,,,,,,,,1.03,brand,2099.0200000000004,1799.0,rivegauche.ru,1148.888888888889,1798.0,True,1798.0,0.14340978170765417
Vivienne Sabo,19000199783,Vivienne Sabo Консилер д/лица С-energie 03 6мл,Макияж,Лицо,Корректор/консилер,,Массмаркет,176,153.0,64.0,155.0,83.0,245.0,265.0,152.0,235.0,,,0.6,brand_cat3,281.6,64.0,iledebeaute.ru,195.55555555555554,63.0,False,195.55555555555554,0.3055555555555557
Vivienne Sabo,19000088425,Vivienne Sabo Румяна д/лица Souffle a la rose 02 9мл,Макияж,Лицо,Румяна,Кремовые румяна,Массмаркет,542,558.0,262.0,478.0,,,442.0,923.0,867.0,,,0.59,brand,861.78,262.0,iledebeaute.ru,602.2222222222222,261.0,False,602.2222222222222,0.30118798043326345
Vivienne Sabo,19000215148,"Vivienne Sabo Тени д/век жидкие Nocturne 01 5,5мл",Макияж,Глаза,Тени для век,Кремовые/жидкие тени,Массмаркет,297,,,263.0,,,,,,,,0.59,brand,472.22999999999996,263.0,rivegauche.ru,330.0,262.0,False,330.0,0.30118798043326345
Vivienne Sabo,19000108267,Vivienne Sabo Палетка теней д/век Fleurs naturelles 03 5гр,Макияж,Глаза,Палетки_глаза,,Массмаркет,156,125.0,,,,618.0,116.0,276.0,115.0,,72.0,0.56,brand_cat3,243.36,72.0,visagehall.ru,173.33333333333334,71.0,False,173.33333333333334,0.28774928774928776
Vivienne Sabo,19000388390,"Vivienne Sabo Помада д/губ Matt Powder Francafrique 01 1,3гр",Макияж,Губы,Помада для губ,Помада матовая,Массмаркет,292,264.0,145.0,260.0,,,,,,,,0.59,brand,464.28,145.0,iledebeaute.ru,324.44444444444446,144.0,False,324.44444444444446,0.30118798043326334
Clarins,19760334997,Clarins Тоник д/нормальной и сухой кожи увлажняющий 200мл,Уход,Уход за лицом,Тоники-лосьоны-тонеры,,Люкс,1919,,3366.0,3340.0,3468.0,,,,,,3417.0,0.85,brand_cat3,3550.15,3340.0,rivegauche.ru,2132.222222222222,3339.0,True,3339.0,0.059476360153796315
Vivienne Sabo,19000082133,Vivienne Sabo Блеск д/губ Le grand Volume 14 3мл,Макияж,Губы,Блеск для губ,,Массмаркет,402,588.0,594.0,577.0,367.0,584.0,568.0,745.0,,,,0.38,brand_cat3,554.76,367.0,Ozon,446.66666666666663,366.0,False,446.66666666666663,0.19484702093397754
Clarins,19000013046,CLARINS Крем тональный увлажняющий с матовым покрытием Skin Illusion Velvet 110N 30мл,Макияж,Лицо,Тональные основы,Жидкие тональные основы,Люкс,3351,,5834.0,5834.0,,,,,,6760.0,6011.0,1.03,brand,6802.530000000001,5834.0,iledebeaute.ru,3723.333333333333,5833.0,True,5833.0,0.142524913524821
Clarins,14010600010,Clarins Блеск для губ Eclat Minute 12мл тон 01 Rose Shimmer,Макияж,Губы,Блеск для губ,,Люкс,1655,,,2882.0,2947.0,,,,2903.0,3519.0,,0.92,brand_cat3,3177.6,2882.0,rivegauche.ru,1838.888888888889,2881.0,True,2881.0,0.09334088620342396
Vivienne Sabo,19000128397,Vivienne Sabo Блеск д/губ Tropique 05 3мл,Макияж,Губы,Блеск для губ,,Массмаркет,261,392.0,396.0,369.0,240.0,289.0,370.0,,438.0,,,0.38,brand_cat3,360.17999999999995,240.0,Ozon,290.0,239.0,False,290.0,0.19484702093397732
Clarins,19000192725,CLARINS Сыворотка д/лица Тональная Масла 03 30мл,Макияж,Лицо,Тональные основы,Жидкие тональные основы,Люкс,3051,,5317.0,5474.0,5395.0,,,,5317.0,6164.0,5395.0,1.03,brand,6193.530000000001,5317.0,iledebeaute.ru,3390.0,5316.0,True,5316.0,0.14168495187720098
Clarins,19000164824,Clarins Крем д/лица Hydra-Essentiel 50мл,Уход,Уход за лицом,Основной уход,Крем для лица,Люкс,3759,,6563.0,,6609.0,,,,,7776.0,6655.0,1.03,brand,7630.770000000001,6563.0,iledebeaute.ru,4176.666666666667,6562.0,True,6562.0,0.14006057055841037
Clarins,19000318129,CLARINS Скраб д/лица My Clarins 50мл,Уход,Уход за лицом,Пилинг/скраб для лица,,Люкс,1740,,,3145.0,3038.0,,,,,,,0.92,brand_cat3,3340.7999999999997,3038.0,Ozon,1933.3333333333333,3037.0,True,3037.0,0.09093630268199226
Clarins,14036800005,Clarins Румяна компактные Joli 04 5гр,Макияж,Лицо,Румяна,Прессованные румяна,Люкс,1312,,2371.0,2333.0,2398.0,,,,2295.0,2700.0,2333.0,1.03,brand,2663.36,2295.0,lamoda.ru,1457.7777777777778,2294.0,True,2294.0,0.13868196563739044
Vivienne Sabo,19000424029,"Vivienne Sabo Контуринг д/лица кремовый Courage 01 4,3мл",Макияж,Лицо,Румяна,Кремовые румяна,Массмаркет,372,,510.0,522.0,,,,,,,,0.59,brand,591.4799999999999,510.0,iledebeaute.ru,413.3333333333333,509.0,True,509.0,0.13944681138838155
Clarins,19000279528,CLARINS Крем-пенка д/умывания Gommant Express 125мл,Уход,Уход за лицом,Очищение/демакияж,Пенка для умывания,Люкс,977,,,,1711.0,,,,,,1914.0,1.03,brand,1983.3100000000002,1711.0,Ozon,1085.5555555555554,1710.0,True,1710.0,0.13780498257962703
Vivienne Sabo,19000413127,"Vivienne Sabo Пудра д/лица Mattriarcat 03 7,5гр",Макияж,Лицо,Пудра_лицо,Компактная пудра,Массмаркет,207,290.0,284.0,302.0,,,,,,,,0.59,brand,329.13,284.0,iledebeaute.ru,230.0,283.0,True,283.0,0.1401573846200589
Vivienne Sabo,19760306118,Vivienne Sabo Блеск д/губ Le grand Volume 09 3мл,Макияж,Губы,Блеск для губ,,Массмаркет,185,278.0,276.0,267.0,278.0,254.0,278.0,,292.0,,,0.38,brand_cat3,255.29999999999998,254.0,Wildberries,205.55555555555554,253.0,True,253.0,0.009009009009008917
Clarins,19000200492,"Clarins Тени д/век насыщенные Ombre Skin тон 04 1,5гр",Макияж,Глаза,Тени для век,Прессованные тени,Люкс,1985,,3560.0,3480.0,3480.0,,,,3506.0,3969.0,3588.0,1.03,brand,4029.5500000000006,3480.0,rivegauche.ru,2205.5555555555557,3479.0,True,3479.0,0.13662815947190143
Vivienne Sabo,19000424037,"Vivienne Sabo Румяна д/лица кремовые Courage 03 4,3мл",Макияж,Лицо,Румяна,Кремовые румяна,Массмаркет,313,430.0,466.0,453.0,,,,,,,,0.59,brand,497.66999999999996,430.0,letu.ru,347.77777777777777,429.0,True,429.0,0.13798300078365178
Clarins,19000399419,"CLARINS Рефил помады д/губ Joli Rouge 758V 3,5гр",Макияж,Губы,Помада для губ,Помада матовая,Люкс,866,,,1519.0,,,,,,,,1.03,brand,1757.9800000000002,1519.0,rivegauche.ru,962.2222222222222,1518.0,True,1518.0,0.13650894776959932
Vivienne Sabo,19000360946,Vivienne Sabo Карандаш д/глаз Calligrapher 01 4гр,Макияж,Глаза,Карандаш для глаз,,Массмаркет,230,354.0,326.0,316.0,385.0,,,,,,,0.85,brand_cat3,425.5,316.0,rivegauche.ru,255.55555555555554,315.0,True,315.0,0.2596944770857814
Clarins,19000181014,Clarins Дезодорант-спрей Dynamisante 100мл,Уход,Уход за телом,Дезодорант,Спрей_дезодорант,Люкс,1970,,4673.0,3560.0,3463.0,,,,3511.0,5538.0,3513.0,1.03,brand,3999.1000000000004,3463.0,Ozon,2188.8888888888887,3462.0,True,3462.0,0.13430521867420175
Clarins,19000459502,"CLARINS Набор в косметичке Extra firming 50мл+15мл+7мл+0,9мл",Уход,Наборы_уход,Подарочные наборы_уход,,Люкс,3811,,,6701.0,,,,,,,,0.97,brand_cat2,7507.67,6701.0,rivegauche.ru,4234.444444444444,6700.0,True,6700.0,0.10757931555329414
Clarins,14010200010,"Clarins Карандаш д/губ Crayon Levres 01 1,3гр",Макияж,Губы,Карандаш для губ,,Люкс,696,,1224.0,1224.0,,,,,,,1241.0,1.19,brand_cat3,1524.24,1224.0,iledebeaute.ru,773.3333333333333,1223.0,True,1223.0,0.19763291870046718
Clarins,19000279543,CLARINS Мусс д/умывания Nettoyante Peau Neuve 150мл,Уход,Уход за лицом,Очищение/демакияж,Пенка для умывания,Люкс,1350,,,,2380.0,,,,,,2380.0,1.03,brand,2740.5000000000005,2380.0,Ozon,1500.0,2379.0,True,2379.0,0.13191023535851132
Vivienne Sabo,19760306120,Vivienne Sabo Блеск д/губ Le grand Volume 11 3мл,Макияж,Губы,Блеск для губ,,Массмаркет,311,435.0,435.0,441.0,311.0,430.0,,562.0,,,,0.38,brand_cat3,429.17999999999995,311.0,Ozon,345.55555555555554,310.0,False,345.55555555555554,0.19484702093397743
Clarins,14017400002,Clarins Кисть для пудры PINCEAU POUDRE 1шт.,Макияж,Кисти/спонжи,Кисти,,Люкс,2812,,5083.0,5004.0,4965.0,,,,5004.0,5704.0,5004.0,0.96,brand_cat3,5511.5199999999995,4965.0,Ozon,3124.4444444444443,4964.0,True,4964.0,0.09934101663424966
Clarins,14038900010,Clarins Блеск д/губ EMBELLISSEUR LEVRES 19 12мл,Макияж,Губы,Блеск для губ,,Люкс,1067,,,1906.0,1928.0,,,,,,1886.0,0.92,brand_cat3,2048.64,1886.0,visagehall.ru,1185.5555555555554,1885.0,True,1885.0,0.07987738206810369
Clarins,19000131031,CLARINS Эмульсия д/лица питательная L'Or des Plantes 35мл,Уход,Уход за лицом,Основной уход,Крем для лица,Люкс,5607,,10064.0,,9996.0,,,,,,9928.0,1.03,brand,11382.210000000001,9928.0,visagehall.ru,6230.0,9927.0,True,9927.0,0.1278495125287621
Vivienne Sabo,19000424035,"Vivienne Sabo Румяна д/лица кремовые Courage 01 4,3мл",Макияж,Лицо,Румяна,Кремовые румяна,Массмаркет,267,404.0,371.0,371.0,,,,,,,,0.59,brand,424.53,371.0,iledebeaute.ru,296.6666666666667,370.0,True,370.0,0.12844793065272175
Clarins,19000459506,"CLARINS Набор в косметичке Multi active 50мл+15мл+1,4мл+0,9мл",Уход,Наборы_уход,Подарочные наборы_уход,,Люкс,2341,,,4163.0,,,,,,,,0.97,brand_cat2,4611.7699999999995,4163.0,rivegauche.ru,2601.111111111111,4162.0,True,4162.0,0.09752654620677081
Clarins,19000342177,CLARINS Набор My Clarins: крем д/лица 50мл+гель д/умывания 5мл+маска д/лица 15мл+гель д/кожи вокруг,Уход,Наборы_уход,Подарочные наборы_уход,,Люкс,1536,,,2734.0,2819.0,,,,,,,0.97,brand_cat2,3025.92,2734.0,rivegauche.ru,1706.6666666666665,2733.0,True,2733.0,0.09680361675126903
Vivienne Sabo,3234600006,"Vivienne Sabo Карандаш-каял д/глаз гелевый Virtuose 06 1,1гр",Макияж,Глаза,Карандаш для глаз,,Массмаркет,193,284.0,270.0,244.0,183.0,194.0,262.0,293.0,308.0,,,0.85,brand_cat3,357.05,183.0,Ozon,214.44444444444443,182.0,False,214.44444444444443,0.3993993993993995
Clarins,19000360009,CLARINS Крем д/лица дневной SPF15 Nutri-Lumiere 50мл,Уход,Уход за лицом,Основной уход,Крем для лица,Люкс,9564,,,17027.0,,,,,,,,1.03,brand,19414.920000000002,17027.0,rivegauche.ru,10626.666666666666,17026.0,True,17026.0,0.12304557525861559
Vivienne Sabo,19000279803,Vivienne Sabo Тональный крем д/лица Coverture 02 30гр,Макияж,Лицо,Тональные основы,Компактные средства,Массмаркет,508,719.0,702.0,702.0,447.0,719.0,747.0,,544.0,,,0.59,brand,807.7199999999999,447.0,Ozon,564.4444444444445,446.0,False,564.4444444444445,0.30118798043326334
Clarins,19000279541,CLARINS Молочко д/умывания Velours Demaquillant 200мл,Уход,Уход за лицом,Очищение/демакияж,Молочко,Люкс,971,,,1754.0,,,,,,,1730.0,1.03,brand,1971.1300000000003,1730.0,visagehall.ru,1078.888888888889,1729.0,True,1729.0,0.12283816896906863
Clarins,15022100002,Кларанс Гель д/бюста укрепляющий 50мл,Уход,Уход за телом,Крем для тела,,Люкс,4258,,,7694.0,,,,,,8618.0,7588.0,1.06,brand_cat3,8771.48,7588.0,visagehall.ru,4731.111111111111,7587.0,True,7587.0,0.13503764473042168
Clarins,19000459504,CLARINS Набор в косметичке Men 50мл+125мл+12мл+3мл,Уход,Наборы_уход,Подарочные наборы_уход,,Люкс,3010,,,5370.0,,,,,,,,0.97,brand_cat2,5929.7,5370.0,rivegauche.ru,3344.4444444444443,5369.0,True,5369.0,0.09455790343524961
Vivienne Sabo,19000441677,Vivienne Sabo Палетка теней д/век Croissant 01 4гр,Макияж,Глаза,Палетки_глаза,,Массмаркет,269,,391.0,376.0,409.0,393.0,,,,,,0.56,brand_cat3,419.64,376.0,rivegauche.ru,298.88888888888886,375.0,True,375.0,0.10637689448098364
Clarins,19000200490,"Clarins Тени д/век насыщенные Ombre Skin тон 02 1,5гр",Макияж,Глаза,Тени для век,Прессованные тени,Люкс,1170,,2114.0,2088.0,,,,,2114.0,2299.0,2115.0,1.03,brand,2375.1000000000004,2088.0,rivegauche.ru,1300.0,2087.0,True,2087.0,0.12130015578291453
Vivienne Sabo,19000111329,"Vivienne Sabo Маркер д/бровей Superb 03 0,7мл",Макияж,Брови,Маркеры для бровей,,Массмаркет,368,557.0,497.0,517.0,348.0,402.0,391.0,520.0,395.0,,,0.65,brand_cat3,607.1999999999999,348.0,Ozon,408.88888888888886,347.0,False,408.88888888888886,0.32659932659932656
Vivienne Sabo,19000111330,"Vivienne Sabo Маркер д/бровей Superb 04 0,7мл",Макияж,Брови,Маркеры для бровей,,Массмаркет,410,629.0,618.0,574.0,364.0,438.0,417.0,,447.0,,,0.65,brand_cat3,676.5,364.0,Ozon,455.55555555555554,363.0,False,455.55555555555554,0.32659932659932667
Vivienne Sabo,19000205231,"Vivienne Sabo Масло д/губ Sirop de Fruits 01 3,5мл",Макияж,Губы,Масло для губ_макияж,,Массмаркет,132,188.0,,195.0,125.0,141.0,169.0,,195.0,,,0.59,brand,209.88,125.0,Ozon,146.66666666666666,124.0,False,146.66666666666666,0.30118798043326345
Vivienne Sabo,19000205234,"Vivienne Sabo Масло д/губ Sirop de Fruits 04 3,5мл",Макияж,Губы,Масло для губ_макияж,,Массмаркет,129,184.0,,180.0,127.0,154.0,176.0,,199.0,,,0.59,brand,205.10999999999999,127.0,Ozon,143.33333333333334,126.0,False,143.33333333333334,0.30118798043326334
Vivienne Sabo,19000413126,"Vivienne Sabo Пудра д/лица Mattriarcat 02 7,5гр",Макияж,Лицо,Пудра_лицо,Компактная пудра,Массмаркет,235,342.0,335.0,330.0,829.0,,,,,,,0.59,brand,373.65,330.0,rivegauche.ru,261.1111111111111,329.0,True,329.0,0.11949685534591192
Clarins,15020900022,Clarins Крем д/лица отшелушивающий освежающий 50мл,Уход,Уход за лицом,Очищение/демакияж,Прочее очищение/демакияж,Люкс,2126,,,3872.0,,,,,3814.0,,,1.03,brand,4315.780000000001,3814.0,lamoda.ru,2362.222222222222,3813.0,True,3813.0,0.11649806060549905
Vivienne Sabo,19760308866,Vivienne Sabo Масло д/губ Dessert a levres 02 3мл,Макияж,Губы,Масло для губ_макияж,,Массмаркет,291,400.0,398.0,411.0,263.0,405.0,,,,,421.0,0.59,brand,462.68999999999994,263.0,Ozon,323.3333333333333,262.0,False,323.3333333333333,0.30118798043326345
Vivienne Sabo,19000360947,Vivienne Sabo Карандаш д/глаз Calligrapher 02 4гр,Макияж,Глаза,Карандаш для глаз,,Массмаркет,259,385.0,366.0,386.0,377.0,,,,,,,0.85,brand_cat3,479.15000000000003,366.0,iledebeaute.ru,287.77777777777777,365.0,True,365.0,0.2382343733695086
Vivienne Sabo,19000279807,Vivienne Sabo Плампер д/губ Le grand Volume 02 3мл,Макияж,Губы,Плампер для губ,,Массмаркет,188,268.0,254.0,262.0,188.0,209.0,204.0,246.0,,,,0.59,brand,298.91999999999996,188.0,Ozon,208.88888888888889,187.0,False,208.88888888888889,0.30118798043326334
Clarins,19000459495,CLARINS Набор Mascara supra volume 8мл+10мл+7мл,Уход,Наборы_уход,Подарочные наборы_уход,,Люкс,1001,,,1808.0,,,,,,,,0.97,brand_cat2,1971.97,1808.0,rivegauche.ru,1112.2222222222222,1807.0,True,1807.0,0.0836574592919771
Clarins,19000399416,"CLARINS Рефил помады д/губ Joli Rouge 732V 3,5гр",Макияж,Губы,Помада для губ,Помада матовая,Люкс,698,,,1261.0,,,,,,,,1.03,brand,1416.9400000000003,1261.0,rivegauche.ru,775.5555555555555,1260.0,True,1260.0,0.11075980634324689
Vivienne Sabo,19000023578,Vivienne Sabo Помада д/губ Nude Createur 03 4гр,Макияж,Губы,Помада для губ,,Массмаркет,234,330.0,335.0,347.0,212.0,262.0,336.0,259.0,381.0,,336.0,0.59,brand,372.05999999999995,212.0,Ozon,260.0,211.0,False,260.0,0.30118798043326334
Clarins,19000399420,"CLARINS Рефил помады д/губ Joli Rouge 783V 3,5гр",Макияж,Губы,Помада для губ,Помада матовая,Люкс,750,,,1355.0,,,,,,,,1.03,brand,1522.5000000000002,1355.0,rivegauche.ru,833.3333333333333,1354.0,True,1354.0,0.11067323481116598
Clarins,19000417202,CLARINS Масло д/лица Comfort scrub 50мл,Уход,Уход за лицом,Основной уход,Масло для лица,Люкс,1295,,,2340.0,,,,,,,,1.03,brand,2628.8500000000004,2340.0,rivegauche.ru,1438.888888888889,2339.0,True,2339.0,0.11025733685832217
Clarins,19000430984,CLARINS Набор д/беременных Уход и макияж,Уход,Наборы_уход,Подарочные наборы_уход,,Люкс,4899,,,8853.0,,,,,,,,0.97,brand_cat2,9651.03,8853.0,rivegauche.ru,5443.333333333333,8852.0,True,8852.0,0.08279219938182769
Clarins,19000417181,CLARINS Крем д/тела Peau neuve 200мл,Уход,Уход за телом,Крем для тела,,Люкс,1968,,,,,,,,,,3557.0,1.06,brand_cat3,4054.08,3557.0,visagehall.ru,2186.6666666666665,3556.0,True,3556.0,0.12285894703607225
Clarins,19000419065,CLARINS Набор: Крем д/лица SPF50+ 50мл + Бальзам после загара д/лица и тела 30мл+Масло-блеск д/губ 0,Уход,Наборы_уход,Подарочные наборы_уход,,Люкс,2353,,,4253.0,,,,,,,,0.97,brand_cat2,4635.41,4253.0,rivegauche.ru,2614.4444444444443,4252.0,True,4252.0,0.08271328749776174
Clarins,19000327178,Clarins Сыворотка д/лица Double Serum Complete Age-Defying 30мл,Уход,Уход за лицом,Сыворотки,,Люкс,3226,,5831.0,,,,,,,,,0.88,brand_cat3,6064.88,5831.0,iledebeaute.ru,3584.4444444444443,5830.0,True,5830.0,0.03872788909261193
Vivienne Sabo,19000023586,Vivienne Sabo Помада д/губ Nude Createur 11 4гр,Макияж,Губы,Помада для губ,,Массмаркет,136,204.0,173.0,192.0,110.0,187.0,176.0,139.0,139.0,,,0.59,brand,216.23999999999998,110.0,Ozon,151.11111111111111,109.0,False,151.11111111111111,0.30118798043326334
Vivienne Sabo,3206300002,"Vivienne Sabo Карандаш д/бровей Coup de Genie 002 1,4гр",Макияж,Брови,Карандаш для бровей,,Массмаркет,178,267.0,266.0,257.0,253.0,260.0,268.0,326.0,285.0,,,0.95,brand_cat3,347.09999999999997,253.0,Ozon,197.77777777777777,252.0,True,252.0,0.2739844425237683
Vivienne Sabo,19000001310,Vivienne Sabo Масло д/губ Dessert a levres 04 3мл,Макияж,Губы,Масло для губ_макияж,,Массмаркет,463,674.0,679.0,690.0,661.0,666.0,681.0,,766.0,,690.0,0.59,brand,736.17,661.0,Ozon,514.4444444444445,660.0,True,660.0,0.103467948979176
Vivienne Sabo,19000023589,Vivienne Sabo Помада д/губ Nude Createur 14 4гр,Макияж,Губы,Помада для губ,,Массмаркет,201,309.0,273.0,298.0,184.0,232.0,299.0,239.0,228.0,,287.0,0.59,brand,319.59,184.0,Ozon,223.33333333333331,183.0,False,223.33333333333331,0.30118798043326345
Clarins,19760318961,Clarins Крем тональный устойчивый Everlasting 108.3N 30мл,Макияж,Лицо,Тональные основы,Жидкие тональные основы,Люкс,1901,,,,3472.0,,,,,,,1.03,brand,3859.0300000000007,3472.0,Ozon,2112.222222222222,3471.0,True,3471.0,0.10055117477708142
Vivienne Sabo,3205700002,Vivienne Sabo Подводка д/глаз жидкая Charbon Серебряная 6мл,Макияж,Глаза,Подводки,Жидкая подводка,Массмаркет,216,,,309.0,,,,,,,,0.59,brand,343.43999999999994,309.0,rivegauche.ru,240.0,308.0,True,308.0,0.10319124155602133
Vivienne Sabo,19000441675,Vivienne Sabo Консилер д/лица Coverture Плотное покрытие 02 5мл,Макияж,Лицо,Корректор/консилер,,Массмаркет,255,,365.0,384.0,,401.0,,,429.0,,,0.6,brand_cat3,408.0,365.0,iledebeaute.ru,283.3333333333333,364.0,True,364.0,0.10784313725490191
Vivienne Sabo,19000413125,"Vivienne Sabo Пудра д/лица Mattriarcat 01 7,5гр",Макияж,Лицо,Пудра_лицо,Компактная пудра,Массмаркет,363,520.0,523.0,537.0,,,,,,,,0.59,brand,577.17,520.0,letu.ru,403.3333333333333,519.0,True,519.0,0.10078486407817444
Vivienne Sabo,19000441678,Vivienne Sabo Палетка теней д/век Croissant 02 4гр,Макияж,Глаза,Палетки_глаза,,Массмаркет,484,,717.0,699.0,771.0,706.0,,,,,,0.56,brand_cat3,755.0400000000001,699.0,rivegauche.ru,537.7777777777777,698.0,True,698.0,0.07554566645475747
Vivienne Sabo,19000093394,Vivienne Sabo Помада-бальзам д/губ Fantaisie 01 4гр,Макияж,Губы,Помада для губ,Помада увлажняющая,Массмаркет,203,308.0,270.0,292.0,178.0,219.0,214.0,215.0,217.0,,296.0,0.59,brand,322.77,178.0,Ozon,225.55555555555554,177.0,False,225.55555555555554,0.30118798043326345
Vivienne Sabo,19000093395,Vivienne Sabo Помада-бальзам д/губ Fantaisie 02 4гр,Макияж,Губы,Помада для губ,Помада увлажняющая,Массмаркет,158,207.0,216.0,220.0,154.0,175.0,,169.0,171.0,,220.0,0.59,brand,251.21999999999997,154.0,Ozon,175.55555555555554,153.0,False,175.55555555555554,0.30118798043326345
Vivienne Sabo,19000093396,Vivienne Sabo Помада-бальзам д/губ Fantaisie 03 4гр,Макияж,Губы,Помада для губ,Помада увлажняющая,Массмаркет,400,611.0,598.0,567.0,375.0,455.0,416.0,418.0,470.0,,601.0,0.59,brand,636.0,375.0,Ozon,444.44444444444446,374.0,False,444.44444444444446,0.30118798043326345
Vivienne Sabo,19000093397,Vivienne Sabo Помада-бальзам д/губ Fantaisie 04 4гр,Макияж,Губы,Помада для губ,Помада увлажняющая,Массмаркет,182,257.0,252.0,270.0,163.0,212.0,195.0,189.0,214.0,,264.0,0.59,brand,289.38,163.0,Ozon,202.22222222222223,162.0,False,202.22222222222223,0.30118798043326345
Vivienne Sabo,19000093399,Vivienne Sabo Помада-бальзам д/губ Fantaisie 06 4гр,Макияж,Губы,Помада для губ,Помада увлажняющая,Массмаркет,173,253.0,256.0,225.0,164.0,177.0,175.0,179.0,182.0,,242.0,0.59,brand,275.07,164.0,Ozon,192.22222222222223,163.0,False,192.22222222222223,0.30118798043326345
Vivienne Sabo,19000093401,Vivienne Sabo Помада-бальзам д/губ Fantaisie 08 4гр,Макияж,Губы,Помада для губ,Помада увлажняющая,Массмаркет,215,312.0,292.0,301.0,223.0,222.0,217.0,215.0,252.0,,323.0,0.59,brand,341.84999999999997,215.0,Megamarket,238.88888888888889,214.0,False,238.88888888888889,0.30118798043326345
Vivienne Sabo,19000441679,Vivienne Sabo Палетка теней д/век Croissant 03 4гр,Макияж,Глаза,Палетки_глаза,,Массмаркет,464,,688.0,674.0,675.0,686.0,,,759.0,,,0.56,brand_cat3,723.84,674.0,rivegauche.ru,515.5555555555555,673.0,True,673.0,0.07023651635720607
Vivienne Sabo,19000447588,"Vivienne Sabo Карандаш д/бровей Powder Veluxe 02 1,2гр",Макияж,Брови,Карандаш для бровей,,Массмаркет,280,,413.0,421.0,407.0,428.0,,,,,,0.95,brand_cat3,546.0,407.0,Ozon,311.1111111111111,406.0,True,406.0,0.2564102564102564
Vivienne Sabo,19000438306,Vivienne Sabo Тушь д/ресниц Cabaret legende d’or 01 9мл,Макияж,Глаза,Тушь для ресниц,Тушь,Массмаркет,590,,,,858.0,,,,,,,0.41,brand_cat3,831.9,858.0,Ozon,655.5555555555555,857.0,True,857.0,0.0
Vivienne Sabo,19000360948,Vivienne Sabo Карандаш д/глаз Calligrapher 03 4гр,Макияж,Глаза,Карандаш для глаз,,Массмаркет,292,446.0,425.0,440.0,441.0,,,,,,,0.85,brand_cat3,540.2,425.0,iledebeaute.ru,324.44444444444446,424.0,True,424.0,0.21510551647537957
Vivienne Sabo,19000023605,Vivienne Sabo Тушь д/ресниц Metamourphoses Gamine 01 9мл,Макияж,Глаза,Тушь для ресниц,Тушь,Массмаркет,292,,,,,,,,,,429.0,0.41,brand_cat3,411.71999999999997,429.0,visagehall.ru,324.44444444444446,428.0,True,428.0,0.0
Clarins,15020300026,Clarins Сыворотка д/лица омолаживающая Double 50мл,Уход,Уход за лицом,Сыворотки,,Люкс,8238,,,,15837.0,,,,15487.0,,,0.88,brand_cat3,15487.439999999999,15487.0,lamoda.ru,9153.333333333334,15486.0,True,15486.0,9.297856843992758e-05
Vivienne Sabo,19000424036,"Vivienne Sabo Румяна д/лица кремовые Courage 02 4,3мл",Макияж,Лицо,Румяна,Кремовые румяна,Массмаркет,523,796.0,787.0,774.0,842.0,,,,,,,0.59,brand,831.5699999999999,774.0,rivegauche.ru,581.1111111111111,773.0,True,773.0,0.0704330363048209
Vivienne Sabo,19000108266,Vivienne Sabo Палетка теней д/век Fleurs naturelles 02 5гр,Макияж,Глаза,Палетки_глаза,,Массмаркет,214,,,317.0,,897.0,,386.0,,,,0.56,brand_cat3,333.84000000000003,317.0,rivegauche.ru,237.77777777777777,316.0,True,316.0,0.05343877306494138
Vivienne Sabo,19000279814,"Vivienne Sabo Блеск д/губ Lemon citron 01 3,5гр",Макияж,Губы,Блеск для губ,,Массмаркет,220,,,,,,,373.0,,,,0.38,brand_cat3,303.59999999999997,373.0,Megamarket,244.44444444444443,372.0,True,372.0,0.0
Vivienne Sabo,19760306113,Vivienne Sabo Блеск д/губ Le grand Volume 04 3мл,Макияж,Губы,Блеск для губ,,Массмаркет,235,420.0,,,,,,,,,,0.38,brand_cat3,324.29999999999995,420.0,letu.ru,261.1111111111111,419.0,True,419.0,0.0
Vivienne Sabo,19760335156,Vivienne Sabo Помада д/губ жидкая матовая Femme Fatale 01 3мл,Макияж,Губы,Помада для губ,Жидкая помада для губ,Массмаркет,174,,,,,,,283.0,,,,0.59,brand,276.65999999999997,283.0,Megamarket,193.33333333333331,282.0,True,282.0,0.0
Clarins,19000164820,Clarins Сыворотка д/лица Double Light texture 50мл,Уход,Уход за лицом,Сыворотки,,Люкс,8001,,,,15720.0,,,,15254.0,,,0.88,brand_cat3,15041.88,15254.0,lamoda.ru,8890.0,15253.0,True,15253.0,0.0
Vivienne Sabo,3233100005,"Vivienne Sabo Карандаш д/глаз Merci 307 1,4гр",Макияж,Глаза,Карандаш для глаз,,Массмаркет,64,,,,,,,107.0,,,,0.85,brand_cat3,118.4,107.0,Megamarket,71.11111111111111,106.0,True,106.0,0.10472972972972983
Vivienne Sabo,3233100007,"Vivienne Sabo Карандаш д/глаз Merci 310 1,4гр",Макияж,Глаза,Карандаш для глаз,,Массмаркет,73,,,,134.0,,,,,,,0.85,brand_cat3,135.05,134.0,Ozon,81.11111111111111,133.0,True,133.0,0.015179563124768647
Vivienne Sabo,3234600003,"Vivienne Sabo Карандаш-каял д/глаз гелевый Virtuose 03 1,1гр",Макияж,Глаза,Карандаш для глаз,,Массмаркет,229,371.0,,,,199.0,,,,,,0.85,brand_cat3,423.65000000000003,199.0,Wildberries,254.44444444444443,198.0,False,254.44444444444443,0.3993993993993995
Clarins,19760334992,Clarins Вода мицеллярная д/чувствительной кожи 200мл,Уход,Уход за лицом,Очищение/демакияж,Мицеллярные средства,Люкс,1565,,,,3133.0,,,,,,3084.0,1.03,brand,3176.9500000000003,3084.0,visagehall.ru,1738.888888888889,3083.0,True,3083.0,0.029572388611718847
Vivienne Sabo,19000023602,Vivienne Sabo Тушь д/ресниц влагостойкая Metamourphoses Naturelle 01 9мл,Макияж,Глаза,Тушь для ресниц,Тушь,Массмаркет,217,,,,,,,351.0,,,,0.41,brand_cat3,305.96999999999997,351.0,Megamarket,241.11111111111111,350.0,True,350.0,0.0
Clarins,15020100006,Кларанс Крем д/лица пенящийся с отшелушивающим эффектом 125мл,Уход,Уход за лицом,Очищение/демакияж,Прочее очищение/демакияж,Люкс,1922,,3898.0,4095.0,,,,,3983.0,,,1.03,brand,3901.6600000000003,3898.0,iledebeaute.ru,2135.5555555555557,3897.0,True,3897.0,0.0011943634247987278
Vivienne Sabo,3223400002,Vivienne Sabo Тушь д/ресниц Cabaret Premiere 06 9мл,Макияж,Глаза,Тушь для ресниц,Тушь,Массмаркет,208,334.0,,,,,,,,,,0.41,brand_cat3,293.28,334.0,letu.ru,231.11111111111111,333.0,True,333.0,0.0
Vivienne Sabo,3234700002,Vivienne Sabo Хайлайтер-стик д/лица Gloire damour 02 4гр,Макияж,Лицо,Хайлайтер/люминайзер,,Массмаркет,303,,,,,939.0,,,,,,0.62,brand_cat3,490.86,939.0,Wildberries,336.6666666666667,938.0,True,938.0,0.0
